individual_cloud,timestamp,x,y,z,qx,qy,qz,qw
cloud_1683269379_452476000,1683269379.452476,0.0175154,-0.0287598,-0.0710984,-0.000299047,0.00319478,-0.0124831,0.999917
cloud_1683269381_551481000,1683269381.551481,-0.245156,1.31351,-0.0828704,-0.0630993,-0.0336151,-0.702055,0.708524
cloud_1683269382_452296000,1683269382.452296,-0.172021,2.44964,-0.0396915,-0.0355787,-0.031417,-0.76594,0.641158
cloud_1683269383_652178000,1683269383.652178,-0.0888986,3.98966,-0.0522876,-0.0180712,-0.00335696,-0.762759,0.646422
cloud_1683269384_652873000,1683269384.652873,-0.131091,5.30232,-0.0390799,-0.0176442,-0.00582913,-0.749202,0.662081
cloud_1683269385_651870000,1683269385.65187,-0.0978997,6.57533,-0.0684062,-0.00930979,0.00489382,-0.758523,0.651561
cloud_1683269386_652807000,1683269386.652807,-0.0456118,7.78412,-0.0755281,-0.0055901,-0.000723681,-0.750815,0.660488
cloud_1683269387_753176000,1683269387.753176,-0.0487353,8.88736,-0.0471806,-0.0118618,-0.018311,-0.540675,0.840949
cloud_1683269390_451256000,1683269390.451256,-0.337251,7.8942,-0.0444045,0.0444715,-0.040825,0.667341,0.742302
cloud_1683269391_551751000,1683269391.551751,-0.295758,6.30117,-0.0399814,0.0197575,-0.032709,0.657665,0.752341
cloud_1683269392_652366000,1683269392.652366,-0.338463,4.6531,-0.0381029,0.0239262,-0.0374454,0.641993,0.765421
cloud_1683269393_652353000,1683269393.652353,-0.395101,3.14682,-0.0504352,0.0232918,-0.0269601,0.660923,0.749608
cloud_1683269394_752582000,1683269394.752582,-0.396253,1.53709,-0.0561912,0.00846992,-0.0201086,0.650913,0.758838
cloud_1683269395_752420000,1683269395.75242,-0.400394,0.0377237,-0.080812,0.0298864,-0.0413475,0.662889,0.746977
cloud_1683269396_752685000,1683269396.752685,-0.436609,-1.43122,-0.104608,0.023537,-0.0512299,0.654709,0.753775
cloud_1683269397_852555000,1683269397.852555,-0.440767,-3.00926,-0.132355,0.0123488,-0.0283556,0.652743,0.756947
cloud_1683269399_051846000,1683269399.051846,-0.451948,-4.74274,-0.145356,0.00793717,-0.0186959,0.633477,0.773495
cloud_1683269400_152163000,1683269400.152163,-0.463246,-6.36533,-0.175474,0.0134195,-0.0346457,0.651903,0.757392
cloud_1683269401_251677000,1683269401.251677,-0.474075,-7.98486,-0.21791,0.0246527,-0.0427189,0.648607,0.759523
cloud_1683269402_350455000,1683269402.350455,-0.573492,-9.54257,-0.259716,0.0220467,-0.0430318,0.63885,0.767811
cloud_1683269403_351827000,1683269403.351827,-0.642688,-10.9881,-0.322898,0.0231422,-0.0398675,0.645087,0.762717
cloud_1683269404_351872000,1683269404.351872,-0.606428,-12.4372,-0.400318,0.0257151,-0.038056,0.667597,0.743104
cloud_1683269405_351958000,1683269405.351958,-0.530511,-13.8639,-0.486704,0.010422,-0.0252057,0.665763,0.745664
cloud_1683269406_451756000,1683269406.451756,-0.479909,-15.4511,-0.554047,0.0252799,-0.0340187,0.65753,0.752235
cloud_1683269407_451390000,1683269407.45139,-0.468254,-16.9027,-0.658671,0.0266356,-0.0320372,0.647926,0.760563
cloud_1683269408_552128000,1683269408.552128,-0.49723,-18.4629,-0.741223,0.0108701,-0.0292586,0.642285,0.76583
cloud_1683269409_651181000,1683269409.651181,-0.5205,-20.0636,-0.831356,0.0198856,-0.0409798,0.650706,0.757963
cloud_1683269410_752128000,1683269410.752128,-0.590352,-21.6481,-0.919728,0.0257948,-0.0497471,0.638132,0.767885
cloud_1683269411_851563000,1683269411.851563,-0.700788,-23.2131,-1.03624,0.0221902,-0.0421058,0.607187,0.793132
cloud_1683269412_552525000,1683269412.552525,-0.809902,-24.2447,-1.14944,0.0289009,-0.0427057,0.623486,0.780132
cloud_1683269413_552793000,1683269413.552793,-0.885337,-25.6789,-1.25923,0.00673635,-0.0224082,0.634246,0.772777
cloud_1683269414_552907000,1683269414.552907,-0.985546,-27.1281,-1.36251,0.0237191,-0.0374093,0.61932,0.783888
cloud_1683269415_552494000,1683269415.552494,-1.11087,-28.5611,-1.44872,0.0290011,-0.0427862,0.649817,0.758331
cloud_1683269416_552807000,1683269416.552807,-1.17058,-30.0076,-1.54629,0.0385964,-0.0349366,0.647401,0.760369
cloud_1683269417_552259000,1683269417.552259,-1.27834,-31.4399,-1.66322,0.0312244,-0.0375872,0.653308,0.755513
cloud_1683269418_551995000,1683269418.551995,-1.35654,-32.8507,-1.75669,0.0306034,-0.0393338,0.652146,0.756453
cloud_1683269419_552052000,1683269419.552052,-1.41154,-34.2846,-1.88673,0.01496,-0.0271695,0.662125,0.748751
cloud_1683269420_551134000,1683269420.551134,-1.41374,-35.7131,-1.97992,0.0139012,-0.0414918,0.663524,0.746875
cloud_1683269421_551967000,1683269421.551967,-1.52868,-37.133,-2.07979,0.00803467,-0.0317137,0.629858,0.776021
cloud_1683269422_551720000,1683269422.55172,-1.75582,-38.5296,-2.17239,0.00117341,-0.0382092,0.59906,0.799791
cloud_1683269423_651836000,1683269423.651836,-1.98422,-40.065,-2.25973,0.000938689,-0.0150485,0.639806,0.768389
cloud_1683269424_851123000,1683269424.851123,-2.38091,-41.7294,-2.30439,0.00386312,-0.0363136,0.611597,0.790326
cloud_1683269426_152675000,1683269426.152675,-2.74261,-43.5655,-2.41272,0.0252091,-0.0309677,0.582366,0.811945
cloud_1683269426_852112000,1683269426.852112,-2.93657,-44.598,-2.43076,0.0142074,-0.0333775,0.628785,0.776733
cloud_1683269428_052613000,1683269428.052613,-3.21126,-46.3716,-2.44688,0.0174022,-0.0499179,0.609187,0.791263
cloud_1683269428_851185000,1683269428.851185,-3.40682,-47.5425,-2.51847,0.0132737,-0.0447785,0.585745,0.809149
cloud_1683269430_050827000,1683269430.050827,-3.85018,-49.1719,-2.52231,0.0100364,-0.0258774,0.580596,0.813719
cloud_1683269431_051625000,1683269431.051625,-4.22385,-50.5166,-2.56139,-0.00677149,-0.0204078,0.584047,0.811435
cloud_1683269432_151852000,1683269432.151852,-4.60206,-51.9871,-2.57857,0.00773904,-0.0403662,0.55217,0.832718
cloud_1683269433_151757000,1683269433.151757,-4.97756,-53.2839,-2.6111,0.0119734,-0.020288,0.546779,0.836945
cloud_1683269434_150785000,1683269434.150785,-5.46466,-54.5774,-2.60159,0.0121589,-0.0281836,0.525359,0.850327
cloud_1683269435_152209000,1683269435.152209,-5.79565,-55.8673,-2.57995,0.0207451,-0.0248533,0.561512,0.826835
cloud_1683269436_151575000,1683269436.151575,-6.15398,-57.1986,-2.57821,0.0205909,-0.0314547,0.58138,0.812763
cloud_1683269437_152135000,1683269437.152135,-6.41475,-58.4742,-2.61656,-0.00178338,0.000486329,0.549674,0.835377
cloud_1683269438_251784000,1683269438.251784,-6.76798,-59.9479,-2.60554,0.0193563,-0.0357123,0.556211,0.830048
cloud_1683269439_251858000,1683269439.251858,-7.12665,-61.2415,-2.58984,0.0160009,-0.0516117,0.558975,0.827422
cloud_1683269440_252157000,1683269440.252157,-7.53007,-62.5128,-2.55177,0.0135828,-0.0399661,0.563965,0.824719
cloud_1683269441_251695000,1683269441.251695,-7.89676,-63.7948,-2.56914,0.0054944,-0.0361765,0.54358,0.838559
cloud_1683269442_251488000,1683269442.251488,-8.38679,-64.9122,-2.56929,-0.00473051,-0.0434728,0.416096,0.908269
cloud_1683269443_351822000,1683269443.351822,-9.31539,-65.8002,-2.47737,-0.0104222,-0.0946654,0.157691,0.982885
cloud_1683269444_851841000,1683269444.851841,-10.8429,-66.0067,-2.39897,-0.011947,-0.0285257,-0.0930373,0.995182
cloud_1683269445_851375000,1683269445.851375,-12.0155,-65.9409,-2.41518,0.000109214,-0.0469556,-0.144529,0.988386
cloud_1683269446_952430000,1683269446.95243,-13.1707,-65.7866,-2.42526,0.00274789,-0.0249558,-0.168024,0.985463
cloud_1683269447_952258000,1683269447.952258,-14.26,-65.5385,-2.43294,0.00141649,-0.082811,-0.100432,0.991491
cloud_1683269449_252793000,1683269449.252793,-15.8079,-65.5875,-2.42356,0.00878468,-0.0767586,0.0601524,0.995195
cloud_1683269450_351797000,1683269450.351797,-17.2225,-65.8035,-2.40294,-0.00114953,-0.0738462,0.083281,0.993786
cloud_1683269451_451370000,1683269451.45137,-18.5392,-66.0457,-2.4162,0.00109562,-0.0443342,0.0387158,0.998266
cloud_1683269452_451795000,1683269452.451795,-19.7981,-66.2256,-2.43593,-0.0178719,-0.0578688,0.0287922,0.997749
cloud_1683269453_551440000,1683269453.55144,-21.0998,-66.2873,-2.43436,-0.00776409,-0.0706123,-0.0341437,0.996889
cloud_1683269454_750542000,1683269454.750542,-22.7685,-66.4073,-2.43898,0.00725431,-0.0903506,0.00346751,0.995878
cloud_1683269455_851133000,1683269455.851133,-24.2162,-66.5916,-2.46439,-0.00514829,-0.0572424,-0.0226413,0.99809
cloud_1683269456_851705000,1683269456.851705,-25.4929,-66.7067,-2.44311,-0.000759316,-0.056596,-0.0244873,0.998097
cloud_1683269457_852056000,1683269457.852056,-26.752,-66.8474,-2.51631,-0.00146543,-0.0248503,0.00596265,0.999672
cloud_1683269458_852380000,1683269458.85238,-28.0539,-66.9564,-2.49542,-0.00962534,-0.0703865,-0.0528459,0.996072
cloud_1683269459_951547000,1683269459.951547,-29.4424,-66.8604,-2.50125,-0.00857878,-0.0781191,-0.0919667,0.992656
cloud_1683269461_051939000,1683269461.051939,-30.7067,-66.8114,-2.52922,0.00547023,-0.0670781,-0.0222537,0.997485
cloud_1683269462_152482000,1683269462.152482,-32.0693,-67.0173,-2.64221,-0.00348396,-0.028102,0.10948,0.993586
cloud_1683269463_249759000,1683269463.249759,-33.4695,-67.4352,-2.70045,0.00416405,-0.036424,0.114975,0.992692
cloud_1683269464_351062000,1683269464.351062,-34.8697,-67.9276,-2.72755,-0.015529,-0.048721,0.125955,0.990717
cloud_1683269465_450266000,1683269465.450266,-36.3362,-68.3334,-2.73914,0.00456717,-0.0713539,0.0753723,0.994589
cloud_1683269466_451451000,1683269466.451451,-37.5886,-68.6548,-2.82468,0.0115365,-0.0285466,0.0573661,0.997878
cloud_1683269467_452172000,1683269467.452172,-38.8743,-68.9562,-2.88378,0.00114042,-0.083095,0.0958712,0.991919
cloud_1683269468_552428000,1683269468.552428,-40.2542,-69.3716,-2.94748,0.00405283,-0.0661055,0.138438,0.988154
cloud_1683269469_551084000,1683269469.551084,-41.5505,-69.6778,-3.07685,-0.028884,-0.0481414,0.0430583,0.997494
cloud_1683269470_551299000,1683269470.551299,-42.8052,-69.7402,-3.09437,-0.0229071,-0.0878663,-0.058434,0.994153
cloud_1683269471_750833000,1683269471.750833,-44.0809,-69.5595,-3.17787,-0.0224326,-0.0610657,-0.256815,0.964269
cloud_1683269472_849585000,1683269472.849585,-45.1241,-68.9637,-3.39903,-0.0485152,-0.0287259,-0.370738,0.927024
cloud_1683269473_852709000,1683269473.852709,-46.0211,-68.2308,-3.46522,-0.0480278,-0.0752288,-0.378687,0.921211
cloud_1683269475_152124000,1683269475.152124,-46.8488,-67.0904,-3.64421,-0.0359429,-0.0389714,-0.56084,0.826225
cloud_1683269476_252333000,1683269476.252333,-47.2879,-66.0117,-3.79488,-0.0272237,0.00587827,-0.604297,0.796272
cloud_1683269477_550586000,1683269477.550586,-47.6436,-64.5231,-3.89846,-0.0471885,0.00651463,-0.711754,0.700812
cloud_1683269478_851011000,1683269478.851011,-47.7089,-63.0903,-3.99109,-0.074031,-0.0476184,-0.808666,0.581645
cloud_1683269480_151072000,1683269480.151072,-47.2788,-62.1331,-3.98072,0.0983462,0.0189994,0.958235,-0.267869
cloud_1683269481_652601000,1683269481.652601,-45.8961,-61.7525,-3.83822,0.0918443,0.0106381,0.995671,-0.00955104
cloud_1683269483_151215000,1683269483.151215,-44.3586,-61.8334,-3.64279,0.0790333,0.0137422,0.996077,-0.0373514
cloud_1683269484_750710000,1683269484.75071,-42.8435,-61.7831,-3.43947,0.0785477,-0.0127448,0.984371,-0.157102
cloud_1683269486_151712000,1683269486.151712,-41.7561,-60.9129,-3.34484,0.0419462,0.0451753,0.87565,-0.478996
cloud_1683269487_552851000,1683269487.552851,-41.2065,-59.4197,-3.36119,-0.0490209,-0.0280376,-0.841179,0.5378
cloud_1683269488_951315000,1683269488.951315,-40.3528,-58.1674,-3.27624,0.0924455,0.0165827,0.978677,-0.182675
cloud_1683269490_352858000,1683269490.352858,-39.0366,-58.0271,-3.18604,0.0866807,-0.0514885,0.9691,0.225124
cloud_1683269491_751263000,1683269491.751263,-37.7823,-59.1311,-3.07655,0.090528,-0.0330397,0.924904,0.367785
cloud_1683269493_252148000,1683269493.252148,-36.263,-59.922,-2.95916,0.0396375,-0.0143647,0.972896,0.227368
cloud_1683269494_651538000,1683269494.651538,-34.6481,-60.4414,-2.84974,0.0604683,0.00165803,0.984287,0.165893
cloud_1683269496_051403000,1683269496.051403,-32.8936,-60.7023,-2.73644,0.0985263,-0.000148478,0.989433,0.106371
cloud_1683269497_451822000,1683269497.451822,-31.0494,-61.0513,-2.63727,0.115955,0.000146597,0.981539,0.152104
cloud_1683269498_751712000,1683269498.751712,-29.3729,-61.4454,-2.56032,0.127961,-0.00823873,0.980324,0.150074
cloud_1683269500_051839000,1683269500.051839,-27.6685,-61.824,-2.56232,0.0657031,-0.0149099,0.989074,0.131126
cloud_1683269501_151626000,1683269501.151626,-26.1526,-62.2096,-2.53942,0.0858942,-0.0109094,0.986609,0.138225
cloud_1683269502_452136000,1683269502.452136,-24.3374,-62.6041,-2.50448,0.0753455,-0.02892,0.989667,0.118516
cloud_1683269503_851232000,1683269503.851232,-22.4767,-62.8616,-2.38024,0.106045,-0.0437834,0.985043,0.128556
cloud_1683269504_951073000,1683269504.951073,-21.048,-63.1558,-2.39369,0.0710789,-0.0166564,0.984682,0.15834
cloud_1683269506_151377000,1683269506.151377,-19.4531,-63.3837,-2.45197,0.0294559,-0.0160668,0.996162,0.0808467
cloud_1683269507_250941000,1683269507.250941,-17.9506,-63.6163,-2.45267,0.0527245,-0.00819784,0.988491,0.141557
cloud_1683269508_451591000,1683269508.451591,-16.3654,-63.8077,-2.43865,0.0473329,-0.00899199,0.996635,0.0663072
cloud_1683269509_450855000,1683269509.450855,-14.9886,-64.0262,-2.43957,0.0853698,-0.0183507,0.982666,0.163534
cloud_1683269510_551917000,1683269510.551917,-13.6094,-64.4876,-2.41687,0.0656521,-0.0164758,0.975204,0.210703
cloud_1683269511_851965000,1683269511.851965,-12.0247,-65.0466,-2.43333,0.0683459,-0.0168683,0.98844,0.134277
cloud_1683269512_951539000,1683269512.951539,-10.7624,-65.4402,-2.38778,0.0376134,-0.00503861,0.982645,0.181574
cloud_1683269514_351217000,1683269514.351217,-9.20198,-65.817,-2.49056,0.0389942,0.0186817,0.995016,0.0898537
cloud_1683269515_551320000,1683269515.55132,-7.89156,-65.7353,-2.55899,0.0287969,0.00489372,0.996235,-0.0816275
cloud_1683269516_851979000,1683269516.851979,-6.65398,-65.2806,-2.53908,0.0160329,0.0206552,0.96591,-0.257554
cloud_1683269518_251230000,1683269518.25123,-5.78192,-64.3622,-2.52387,-0.0147502,-0.0296337,-0.831501,0.554536
cloud_1683269519_951714000,1683269519.951714,-5.50281,-62.9164,-2.57084,0.00880683,0.00727872,-0.679363,0.733714
cloud_1683269521_651311000,1683269521.651311,-5.51176,-61.5895,-2.53765,-0.02813,-0.019652,-0.577079,0.815967
cloud_1683269524_551495000,1683269524.551495,-5.70257,-62.6137,-2.56346,0.0298629,-0.012435,0.506575,0.861589
cloud_1683269525_951848000,1683269525.951848,-6.18233,-63.9208,-2.55015,0.0197425,0.00908166,0.513373,0.85789
cloud_1683269527_352014000,1683269527.352014,-6.73479,-65.2388,-2.52186,0.0193595,-0.00811879,0.504698,0.863041
cloud_1683269528_951658000,1683269528.951658,-7.36469,-66.6618,-2.52606,0.0152349,-0.00982106,0.494758,0.868842
cloud_1683269530_151020000,1683269530.15102,-7.82582,-67.7328,-2.50709,0.012614,-0.000827017,0.481999,0.876081
cloud_1683269531_851808000,1683269531.851808,-8.37234,-69.0668,-2.53195,-0.00912122,0.00308001,0.433011,0.901337
cloud_1683269535_251639000,1683269535.251639,-9.44805,-67.9458,-2.50727,-0.0330915,-0.0550422,-0.413457,0.908256
cloud_1683269536_449323000,1683269536.449323,-10.18,-66.9508,-2.37498,-0.0558723,-0.0796352,-0.470992,0.876757
cloud_1683269537_852173000,1683269537.852173,-10.8699,-65.5622,-2.37259,-0.0501559,-0.0293007,-0.621076,0.781595
cloud_1683269539_451897000,1683269539.451897,-10.9903,-63.747,-2.38333,-0.0175334,-0.0651906,-0.634283,0.770148
cloud_1683269540_949249000,1683269540.949249,-11.9089,-62.4004,-2.44007,-0.0163031,-0.0728947,-0.349482,0.933961
cloud_1683269542_151755000,1683269542.151755,-12.7719,-61.8878,-2.42206,-0.0163692,-0.0414752,-0.409224,0.911344
cloud_1683269543_850330000,1683269543.85033,-13.7192,-60.8537,-2.45358,-0.0085918,-0.030229,-0.331753,0.942843
cloud_1683269545_650143000,1683269545.650143,-14.7272,-60.4619,-2.45152,-0.00423766,-0.0555656,-0.0173341,0.998296
cloud_1683269547_150426000,1683269547.150426,-16.19,-60.7758,-2.52187,0.00220735,-0.025224,0.00118025,0.999679
cloud_1683269548_651080000,1683269548.65108,-17.7426,-60.9141,-2.51378,0.00293622,-0.0244229,0.000354538,0.999697
cloud_1683269549_949465000,1683269549.949465,-19.258,-60.9287,-2.51378,-0.0170473,-0.0321027,-0.0873967,0.99551
cloud_1683269551_350679000,1683269551.350679,-20.9655,-60.7577,-2.48514,-0.010385,-0.0357088,-0.100382,0.994254
cloud_1683269552_852686000,1683269552.852686,-22.8288,-60.4716,-2.54631,-0.029722,-0.0274077,-0.11165,0.992925
cloud_1683269554_251528000,1683269554.251528,-24.64,-60.4332,-2.57916,0.00172096,-0.051241,-0.0560822,0.997109
cloud_1683269555_651101000,1683269555.651101,-26.4339,-60.5551,-2.533,-0.00780608,-0.0744273,-0.0259076,0.996859
cloud_1683269556_752233000,1683269556.752233,-27.792,-60.5652,-2.56783,-0.000183389,-0.0246352,-0.101473,0.994533
cloud_1683269557_951377000,1683269557.951377,-29.2944,-60.4743,-2.58207,-0.00962603,-0.0398235,-0.0975846,0.994384
cloud_1683269559_451764000,1683269559.451764,-31.0665,-60.3508,-2.64968,-0.0253472,-0.0555733,-0.129353,0.989716
cloud_1683269561_049396000,1683269561.049396,-32.8605,-59.8555,-2.80846,-0.0258548,-0.0351579,-0.234683,0.971092
cloud_1683269562_251069000,1683269562.251069,-34.0215,-59.1094,-2.85568,-0.0388163,-0.0693585,-0.41097,0.908178
cloud_1683269563_549392000,1683269563.549392,-35.0657,-58.0313,-2.99844,-0.0244923,-0.0347383,-0.411051,0.910621
cloud_1683269564_850161000,1683269564.850161,-36.1879,-57.0234,-3.10582,-0.0204956,-0.0523633,-0.386578,0.920541
cloud_1683269565_950435000,1683269565.950435,-37.1388,-56.2144,-3.16642,-0.0121898,-0.0612152,-0.401258,0.913836
cloud_1683269567_152404000,1683269567.152404,-38.2636,-55.4576,-3.21363,-0.0104474,-0.064598,-0.188299,0.979929
cloud_1683269568_250842000,1683269568.250842,-39.5212,-55.1521,-3.37249,0.0105489,-0.017176,-0.139628,0.989999
cloud_1683269569_351999000,1683269569.351999,-40.6984,-54.9918,-3.45948,0.0308639,-0.0330583,-0.0271853,0.998607
cloud_1683269570_752248000,1683269570.752248,-41.9888,-55.0631,-3.61363,0.0196753,-0.0405631,0.0708931,0.996465
cloud_1683269571_851156000,1683269571.851156,-42.9822,-55.2288,-3.8005,0.0239633,-0.00141319,0.172755,0.984672
cloud_1683269573_753164000,1683269573.753164,-44.5489,-55.6485,-3.87315,0.0247446,-0.0458873,0.374971,0.92557
cloud_1683269575_151252000,1683269575.151252,-45.3899,-56.2004,-3.93549,0.00464046,-0.00891435,0.492206,0.870421
cloud_1683269576_751596000,1683269576.751596,-45.9518,-57.4227,-3.98463,0.0203844,-0.00874833,0.629289,0.776855
cloud_1683269578_452673000,1683269578.452673,-45.977,-58.9304,-3.95754,0.0530917,-0.0287055,0.843269,0.534092
cloud_1683269579_850354000,1683269579.850354,-45.4899,-59.8728,-3.87073,0.0674455,-0.0218912,0.8757,0.477621
cloud_1683269581_350926000,1683269581.350926,-44.8779,-60.6696,-3.71925,0.0573884,-0.00936781,0.922912,0.380595
cloud_1683269583_552242000,1683269583.552242,-43.6619,-61.4628,-3.53611,0.0509871,-0.0132429,0.971949,0.229217
cloud_1683269584_951112000,1683269584.951112,-42.7993,-61.9647,-3.44079,0.0444123,0.0074616,0.939611,0.339268
cloud_1683269587_150992000,1683269587.150992,-41.8024,-63.0002,-3.29051,0.0684727,-0.0294696,0.855475,0.512451
cloud_1683269588_950617000,1683269588.950617,-40.7751,-64.4168,-3.11085,0.0726908,0.0144931,0.946526,0.313999
cloud_1683269590_449361000,1683269590.449361,-39.5177,-64.8218,-3.01103,0.120136,-0.0252232,0.992361,0.0122465
cloud_1683269591_651109000,1683269591.651109,-38.3252,-64.8728,-2.95275,0.0889779,0.0115874,0.995784,0.0190506
cloud_1683269592_951237000,1683269592.951237,-37.069,-64.6427,-2.81343,0.0852488,0.0395694,0.929271,-0.357243
cloud_1683269594_150662000,1683269594.150662,-36.3144,-63.6624,-2.81246,0.0685501,0.0288337,0.885602,-0.458453
cloud_1683269595_751226000,1683269595.751226,-35.519,-62.2397,-2.77555,0.0597758,0.0328026,0.901812,-0.426715
cloud_1683269597_251726000,1683269597.251726,-34.3161,-60.9042,-2.83877,0.0707245,0.017282,0.928796,-0.36337
cloud_1683269598_850810000,1683269598.85081,-32.9895,-59.701,-2.78894,0.013444,0.0356495,0.905624,-0.422367
cloud_1683269600_051737000,1683269600.051737,-32.4268,-58.8018,-2.77908,-0.0341573,-0.0398595,-0.835907,0.546355
cloud_1683269601_251375000,1683269601.251375,-32.2418,-57.5853,-2.77817,-0.0163638,-0.0421158,-0.727954,0.684136
cloud_1683269602_449784000,1683269602.449784,-32.6674,-56.3697,-2.8346,-0.0277662,-0.0581263,-0.592464,0.803017
cloud_1683269603_749761000,1683269603.749761,-33.2772,-54.9073,-2.91176,-0.0313662,-0.0411066,-0.634841,0.77091
cloud_1683269605_047966000,1683269605.047966,-33.7558,-53.3849,-2.95914,-0.0333886,-0.0459408,-0.649691,0.758074
cloud_1683269606_347588000,1683269606.347588,-34.3115,-51.8148,-2.98313,-0.0395752,-0.0634206,-0.588765,0.80484
cloud_1683269607_650828000,1683269607.650828,-34.8617,-50.4806,-2.98032,-0.0526738,-0.0474083,-0.686431,0.723733
cloud_1683269608_950398000,1683269608.950398,-34.9342,-49.0154,-2.98858,-0.0710713,-0.0458065,-0.83612,0.541991
cloud_1683269610_749963000,1683269610.749963,-33.685,-47.8167,-2.89489,0.0802813,-0.0340295,0.989635,-0.114103
cloud_1683269611_951441000,1683269611.951441,-32.2938,-47.5609,-2.85436,0.107902,0.0108482,0.994011,-0.0134619
cloud_1683269613_350332000,1683269613.350332,-30.6073,-47.5437,-2.81823,0.0390176,-0.00928819,0.997376,0.0602694
cloud_1683269614_550583000,1683269614.550583,-29.0046,-47.713,-2.78181,0.0505909,0.00162017,0.992398,0.112183
cloud_1683269615_651099000,1683269615.651099,-27.6892,-47.8866,-2.74355,0.0557533,0.00227646,0.987322,0.1486
cloud_1683269617_350909000,1683269617.350909,-25.8787,-48.4139,-2.65373,0.0417425,-0.00538802,0.986028,0.161172
cloud_1683269618_651475000,1683269618.651475,-24.2237,-48.7107,-2.61528,0.0752597,-0.00168408,0.991835,0.102938
cloud_1683269619_350981000,1683269619.350981,-23.2215,-48.7561,-2.67432,0.0982783,0.00495073,0.99258,0.0714312
cloud_1683269620_651563000,1683269620.651563,-21.5623,-48.8778,-2.59984,0.0511715,-0.0129026,0.995832,0.0743843
cloud_1683269621_550086000,1683269621.550086,-20.4049,-48.7956,-2.54062,0.0804314,-0.00398014,0.991839,0.0988469
cloud_1683269622_951408000,1683269622.951408,-18.663,-49.074,-2.53414,0.0641254,-0.02875,0.986544,0.147622
cloud_1683269623_849857000,1683269623.849857,-17.5898,-49.5003,-2.48957,0.0587139,-0.0072326,0.954457,0.292426
cloud_1683269625_251042000,1683269625.251042,-15.9868,-50.2111,-2.48595,0.0680916,0.0228468,0.984832,0.157947
cloud_1683269626_149430000,1683269626.14943,-14.8836,-50.4242,-2.52659,0.0784361,-0.00818902,0.991953,0.0990491
cloud_1683269626_949398000,1683269626.949398,-13.8601,-50.5739,-2.54232,0.0432422,-0.0168095,0.992599,0.112226
cloud_1683269627_851144000,1683269627.851144,-12.6705,-50.8566,-2.55719,0.0667854,-0.0220961,0.974262,0.214161
cloud_1683269628_751261000,1683269628.751261,-11.6157,-51.3358,-2.58045,0.0770793,-0.0151975,0.970687,0.227146
cloud_1683269630_351377000,1683269630.351377,-9.81185,-51.7894,-2.51574,0.0567273,0.0139387,0.98879,0.137413
cloud_1683269631_251981000,1683269631.251981,-8.77842,-51.8931,-2.53098,0.0625087,-0.00497178,0.993884,0.0908996
cloud_1683269632_750560000,1683269632.75056,-7.18392,-52.1393,-2.47728,0.0392549,-0.0079053,0.978683,0.201434
cloud_1683269634_150943000,1683269634.150943,-5.99412,-52.7285,-2.54735,0.0135746,0.00807391,0.973571,0.227839
cloud_1683269635_651628000,1683269635.651628,-4.72828,-53.4354,-2.5714,0.0228115,-0.000261175,0.933868,0.356889
cloud_1683269637_451413000,1683269637.451413,-4.00786,-54.5511,-2.55273,0.0353735,-0.0147344,0.660294,0.750029
cloud_1683269639_150800000,1683269639.1508,-4.26884,-55.9246,-2.58338,0.0254967,-0.0163017,0.547324,0.836373
cloud_1683269640_750860000,1683269640.75086,-4.75275,-57.3514,-2.57636,0.00459942,-0.00846484,0.52372,0.851836
cloud_1683269641_850930000,1683269641.85093,-5.23875,-58.2545,-2.57118,0.024361,-0.0278795,0.451861,0.89132
cloud_1683269642_951362000,1683269642.951362,-5.82616,-59.0767,-2.58167,0.0203381,-0.00643036,0.483058,0.875329
cloud_1683269644_651343000,1683269644.651343,-6.45578,-60.5626,-2.57021,0.047281,-0.0332234,0.509846,0.858323
cloud_1683269645_951488000,1683269645.951488,-6.90003,-61.7941,-2.57256,0.0346392,-0.016068,0.516214,0.855608
cloud_1683269647_051280000,1683269647.05128,-7.22158,-62.8402,-2.56881,0.00870623,0.00219771,0.532758,0.84622
cloud_1683269648_351855000,1683269648.351855,-7.62861,-64.1419,-2.56812,0.00564843,-0.00615299,0.521668,0.853107
cloud_1683269649_651479000,1683269649.651479,-8.04483,-65.4411,-2.55365,0.0217144,-0.00581665,0.532687,0.846014
cloud_1683269651_051049000,1683269651.051049,-8.47702,-66.7892,-2.55136,0.017335,-0.0155234,0.523128,0.851936
cloud_1683269652_151221000,1683269652.151221,-8.91499,-67.897,-2.54622,0.0142948,-0.00335292,0.516742,0.856015
cloud_1683269653_151332000,1683269653.151332,-9.19567,-68.9148,-2.55221,0.0247761,-0.00309038,0.579929,0.814284
cloud_1683269654_350806000,1683269654.350806,-9.46897,-70.1023,-2.52125,0.0262563,-0.0202577,0.564007,0.825104
cloud_1683269655_451049000,1683269655.451049,-9.74614,-71.1249,-2.50305,0.0212466,-0.0174191,0.563391,0.825733
cloud_1683269657_251030000,1683269657.25103,-10.149,-72.3192,-2.4787,0.0501347,0.00377305,0.978496,0.200043
cloud_1683269659_747761000,1683269659.747761,-9.23866,-71.2584,-2.5237,-0.0349344,-0.0261492,-0.810637,0.583921
cloud_1683269660_950251000,1683269660.950251,-8.81556,-69.8767,-2.52757,-0.0295104,-0.0280074,-0.836786,0.546017
cloud_1683269662_350372000,1683269662.350372,-8.32139,-68.3105,-2.5307,-0.00820155,-0.00845566,-0.821387,0.57025
cloud_1683269663_751069000,1683269663.751069,-7.94776,-66.6968,-2.51832,-0.0180928,-0.0193528,-0.814997,0.578859
cloud_1683269665_250926000,1683269665.250926,-7.44286,-64.9424,-2.56652,0.000627394,-0.0174656,-0.834471,0.550775
cloud_1683269666_551117000,1683269666.551117,-6.8723,-63.5207,-2.55462,0.00363888,-0.0210284,-0.850302,0.525863
cloud_1683269667_551571000,1683269667.551571,-6.42128,-62.395,-2.57966,-0.0107125,-0.00954846,-0.833558,0.552246
cloud_1683269668_851253000,1683269668.851253,-5.89779,-60.8244,-2.57559,0.00293464,-0.0173496,-0.841462,0.540029
cloud_1683269669_951143000,1683269669.951143,-5.41781,-59.549,-2.58254,-0.0191836,-0.0259179,-0.817934,0.574407
cloud_1683269671_350480000,1683269671.35048,-4.9174,-57.8824,-2.55903,-0.00389222,-0.0355195,-0.840411,0.540771
cloud_1683269672_551175000,1683269672.551175,-4.38532,-56.4103,-2.54642,-0.038845,-0.0404418,-0.841143,0.537898
cloud_1683269673_351325000,1683269673.351325,-3.965,-55.4655,-2.57909,-0.0119132,-0.0083638,-0.842842,0.537964
cloud_1683269674_451533000,1683269674.451533,-3.42588,-54.1065,-2.55449,-0.0196756,-0.0331335,-0.816111,0.576608
cloud_1683269675_951677000,1683269675.951677,-3.07152,-52.1755,-2.52687,-0.0126535,-0.0259276,-0.779538,0.62569
cloud_1683269677_251222000,1683269677.251222,-2.97266,-50.5144,-2.51344,-0.0376468,-0.0371531,-0.761012,0.646577
cloud_1683269678_351497000,1683269678.351497,-2.86924,-49.1386,-2.49406,-0.0281022,-0.0257164,-0.776366,0.629131
cloud_1683269679_850029000,1683269679.850029,-2.56023,-47.2401,-2.47345,-0.0190155,-0.00879244,-0.754119,0.656404
cloud_1683269681_350602000,1683269681.350602,-2.29194,-45.3119,-2.41783,-0.0470873,-0.0415157,-0.74934,0.659203
cloud_1683269682_850854000,1683269682.850854,-2.17273,-43.4357,-2.36417,-0.0189998,-0.0127043,-0.740315,0.671871
cloud_1683269683_951380000,1683269683.95138,-2.15899,-42.2117,-2.33505,-0.00437382,-0.0467924,-0.619396,0.783671
cloud_1683269685_350409000,1683269685.350409,-3.11514,-41.5173,-2.3203,0.019323,-0.0509187,-0.0761773,0.995606
cloud_1683269686_650799000,1683269686.650799,-4.52391,-41.6682,-2.25007,-0.00122611,-0.0433297,-0.0540881,0.997595
cloud_1683269687_950289000,1683269687.950289,-6.00853,-41.484,-2.40195,0.0113163,-0.0668665,-0.207206,0.975944
cloud_1683269688_752759000,1683269688.752759,-6.96622,-41.0289,-2.47182,-0.0345513,-0.0518921,-0.160282,0.985101
cloud_1683269690_149080000,1683269690.14908,-8.61433,-40.3241,-2.4999,-0.0199529,-0.0594875,-0.288434,0.955442
cloud_1683269691_550708000,1683269691.550708,-10.1298,-39.4527,-2.46788,0.00985239,-0.0364844,-0.264439,0.963662
cloud_1683269692_851213000,1683269692.851213,-11.4294,-38.9017,-2.4361,0.0176715,-0.0250809,-0.107805,0.993698
cloud_1683269694_249943000,1683269694.249943,-12.827,-38.7735,-2.40493,0.0137456,-0.0246786,-0.00129406,0.9996
cloud_1683269695_551508000,1683269695.551508,-14.1884,-39.0294,-2.47243,0.0217378,-0.0448509,0.100229,0.993715
cloud_1683269696_951575000,1683269696.951575,-15.7338,-39.611,-2.51344,-0.00362594,-0.0401494,0.134131,0.990143
cloud_1683269698_250818000,1683269698.250818,-17.3162,-40.0806,-2.54405,0.00808908,-0.0266507,0.0388154,0.998858
cloud_1683269699_051028000,1683269699.051028,-18.3652,-40.191,-2.51336,0.00755778,-0.0641523,0.0102274,0.997859
cloud_1683269699_950736000,1683269699.950736,-19.5175,-40.4247,-2.58283,0.000508329,-0.0578513,0.0486982,0.997137
cloud_1683269701_250937000,1683269701.250937,-21.1938,-40.7142,-2.55028,-0.00270065,-0.0317022,0.0508643,0.998199
cloud_1683269702_550184000,1683269702.550184,-22.8255,-40.9162,-2.59959,-0.00377346,-0.0557501,0.0183086,0.99827
cloud_1683269703_750528000,1683269703.750528,-24.3685,-40.9367,-2.63488,0.00613211,-0.0458717,0.0203387,0.998721
cloud_1683269704_550028000,1683269704.550028,-25.4177,-41.1303,-2.70646,0.0101496,-0.0394889,0.0609017,0.997311
cloud_1683269705_550189000,1683269705.550189,-26.5844,-41.4256,-2.69177,0.00181214,-0.058239,0.05318,0.996884
cloud_1683269706_750981000,1683269706.750981,-27.873,-41.5107,-2.69764,0.016574,-0.0462943,0.0342575,0.998203
cloud_1683269708_150069000,1683269708.150069,-29.1534,-41.6924,-2.74747,0.0166185,-0.0171772,0.0501519,0.998456
cloud_1683269709_550170000,1683269709.55017,-30.4385,-42.0358,-2.772,0.0160458,-0.0517435,0.0797655,0.99534
cloud_1683269710_852005000,1683269710.852005,-31.3537,-42.4876,-2.79392,0.0516012,-0.0329756,0.383103,0.921674
cloud_1683269712_250922000,1683269712.250922,-31.9367,-43.6002,-2.75808,0.050888,-0.0407794,0.542979,0.83721
cloud_1683269713_750866000,1683269713.750866,-32.4787,-45.2431,-2.8586,0.052139,-0.0725714,0.518632,0.850315
cloud_1683269715_150759000,1683269715.150759,-33.187,-46.8335,-2.88402,0.0222583,-0.0421719,0.526322,0.848947
cloud_1683269716_450341000,1683269716.450341,-33.8432,-48.3469,-2.95454,0.00946716,-0.0357777,0.532142,0.845846
cloud_1683269717_850353000,1683269717.850353,-34.594,-49.6873,-3.02163,0.0210108,-0.0142757,0.525,0.850723
cloud_1683269719_051092000,1683269719.051092,-34.9087,-50.8571,-2.99084,0.0460753,-0.0593291,0.63452,0.769247
cloud_1683269720_450232000,1683269720.450232,-34.9488,-52.3827,-3.05307,0.0530719,-0.0180699,0.771805,0.633382
cloud_1683269722_348253000,1683269722.348253,-34.7679,-53.6233,-3.00752,0.0356347,0.0230556,0.996807,-0.067636
cloud_1683269725_951725000,1683269725.951725,-33.9614,-54.8376,-2.98583,0.0419548,-0.0452167,0.784051,0.617625
cloud_1683269727_650326000,1683269727.650326,-33.6159,-56.1158,-2.91341,0.0626821,-0.0334991,0.772509,0.631014
cloud_1683269729_349886000,1683269729.349886,-33.4667,-57.325,-2.8689,0.020355,-0.0358964,0.617472,0.785509
cloud_1683269731_251058000,1683269731.251058,-33.915,-58.7775,-2.82413,0.0315438,-0.0306361,0.581144,0.812612
cloud_1683269732_649546000,1683269732.649546,-34.2295,-59.8705,-2.86676,0.00649809,-0.0172675,0.559725,0.828473
cloud_1683269734_450051000,1683269734.450051,-34.7801,-61.1226,-2.84976,0.0076799,-0.02106,0.489052,0.871967
cloud_1683269736_450440000,1683269736.45044,-35.42,-62.1464,-2.7946,0.0240505,-0.00153891,0.782534,0.622142
cloud_1683269739_649628000,1683269739.649628,-34.7052,-61.3521,-2.84636,-0.0157288,-0.0364623,-0.864428,0.501185
cloud_1683269741_050884000,1683269741.050884,-34.13,-59.8332,-2.84533,-0.0421656,-0.045191,-0.822406,0.565534
cloud_1683269742_649974000,1683269742.649974,-33.6123,-58.0725,-2.82308,-0.0398788,-0.0622908,-0.778815,0.622877
cloud_1683269743_949198000,1683269743.949198,-33.5789,-56.5527,-2.85946,-0.0363365,-0.0484261,-0.708112,0.7035
cloud_1683269745_048835000,1683269745.048835,-33.5147,-55.1867,-2.95684,-0.0571144,-0.03868,-0.787546,0.612383
cloud_1683269746_350564000,1683269746.350564,-32.9178,-53.6896,-2.84642,0.0539627,0.0575122,0.872129,-0.482878
cloud_1683269747_750466000,1683269747.750466,-32.5401,-52.0331,-2.82827,-0.0288266,-0.072901,-0.734085,0.674517
cloud_1683269749_050643000,1683269749.050643,-32.7995,-50.4756,-2.83298,-0.0320607,-0.0531046,-0.66256,0.746436
cloud_1683269750_249254000,1683269750.249254,-33.1003,-49.1787,-2.89049,-0.00976038,-0.0411109,-0.680628,0.731409
cloud_1683269751_450577000,1683269751.450577,-33.3456,-47.9212,-2.87694,-0.0431991,-0.0679468,-0.605494,0.791766
cloud_1683269752_651365000,1683269752.651365,-34.0314,-46.6995,-2.88874,-0.0249681,-0.0686739,-0.465116,0.882229
cloud_1683269753_951554000,1683269753.951554,-35.1248,-45.4792,-3.02857,-0.0213929,-0.0416474,-0.39123,0.919101
cloud_1683269755_250507000,1683269755.250507,-36.3175,-44.1866,-3.08552,-0.0219437,-0.0593037,-0.491284,0.868701
cloud_1683269756_549844000,1683269756.549844,-37.2695,-42.6513,-3.06886,-0.0261708,-0.0644422,-0.587134,0.806496
cloud_1683269757_349641000,1683269757.349641,-37.609,-41.7167,-2.86674,-0.0506284,-0.076748,-0.624809,0.775345
cloud_1683269758_752016000,1683269758.752016,-37.9187,-40.1398,-2.87295,-0.0760963,-0.0772075,-0.626092,0.772177
cloud_1683269760_350095000,1683269760.350095,-38.0492,-38.4204,-2.6842,-0.0524772,-0.0477645,-0.817242,0.57191
cloud_1683269761_549751000,1683269761.549751,-37.3351,-37.3642,-2.59739,0.0943195,0.0347006,0.953893,-0.28282
cloud_1683269763_050248000,1683269763.050248,-36.0054,-36.0155,-2.44754,0.0745815,0.0637751,0.923199,-0.371582
cloud_1683269764_651173000,1683269764.651173,-34.9365,-34.7021,-2.06244,0.092779,0.0418748,0.942881,-0.317196
cloud_1683269765_951568000,1683269765.951568,-33.9153,-33.9215,-1.93913,0.0878707,0.0156204,0.993018,-0.0771416
cloud_1683269767_449854000,1683269767.449854,-32.6373,-34.0519,-2.16396,0.0402269,0.00578391,0.98277,0.180311
cloud_1683269768_749728000,1683269768.749728,-31.3977,-34.6604,-2.25616,0.0517158,0.0105908,0.993804,0.0978116
cloud_1683269769_948989000,1683269769.948989,-29.9192,-34.4066,-2.24959,0.0800492,0.0488174,0.955071,-0.281156
cloud_1683269771_150101000,1683269771.150101,-28.7315,-33.6191,-2.14867,0.0907906,0.0188552,0.9642,-0.248437
cloud_1683269772_450347000,1683269772.450347,-27.4616,-33.0309,-2.08762,0.0614815,-0.00570994,0.995536,-0.0713769
cloud_1683269773_748845000,1683269773.748845,-25.8967,-32.7735,-2.12018,0.0664088,-0.0103902,0.996977,0.0389685
cloud_1683269774_550332000,1683269774.550332,-24.8815,-32.7833,-2.09886,0.0643566,-0.00745056,0.995203,0.073311
cloud_1683269775_350212000,1683269775.350212,-23.8561,-32.9711,-2.07921,0.0978937,-0.0243156,0.991366,0.0837829
cloud_1683269776_850488000,1683269776.850488,-22.0549,-33.1046,-2.14687,0.0572136,-0.0115237,0.994291,0.0893265
cloud_1683269778_151468000,1683269778.151468,-20.5358,-33.1388,-2.12347,0.0426035,-0.0219133,0.986296,0.157876
cloud_1683269779_650165000,1683269779.650165,-18.9471,-33.8559,-2.17392,0.0710031,-0.0269719,0.91732,0.390839
cloud_1683269781_149810000,1683269781.14981,-17.877,-35.3243,-2.28403,0.0414176,-0.0289061,0.884751,0.463319
cloud_1683269782_548512000,1683269782.548512,-16.6644,-36.785,-2.28239,0.068104,-0.0200837,0.907733,0.413497
cloud_1683269783_950624000,1683269783.950624,-15.2347,-37.8602,-2.325,0.0951836,-0.00894144,0.95837,0.26905
cloud_1683269785_151019000,1683269785.151019,-13.823,-38.3967,-2.35718,0.0697333,-0.00866431,0.978706,0.192865
cloud_1683269786_349882000,1683269786.349882,-12.4488,-38.8553,-2.3651,0.0848484,-0.0176429,0.986375,0.139833
cloud_1683269787_551034000,1683269787.551034,-11.0545,-38.9666,-2.44368,0.065526,-0.0129076,0.985656,0.154991
cloud_1683269789_250967000,1683269789.250967,-9.28031,-39.7034,-2.42983,0.0906048,-0.0292108,0.937819,0.333817
cloud_1683269790_850506000,1683269790.850506,-7.74808,-40.5952,-2.52715,0.0418539,0.0114445,0.964194,0.261625
cloud_1683269792_151014000,1683269792.151014,-6.64809,-41.1883,-2.48888,0.0488142,-0.0185454,0.985407,0.162007
cloud_1683269793_550137000,1683269793.550137,-5.33819,-41.4123,-2.2938,0.100483,-0.00325913,0.993554,0.0523806
cloud_1683269794_749870000,1683269794.74987,-4.091,-41.3247,-2.21538,0.0547006,0.0146574,0.998311,-0.0129672
cloud_1683269795_950731000,1683269795.950731,-2.83322,-41.2802,-2.30039,0.0441195,-0.0149345,0.979791,0.194524
cloud_1683269797_850174000,1683269797.850174,-2.18565,-42.5193,-2.35315,0.0330501,-0.00761611,0.593352,0.804228
cloud_1683269799_249665000,1683269799.249665,-2.52799,-44.1905,-2.40122,0.0420767,-0.0274281,0.564069,0.824198
cloud_1683269800_349985000,1683269800.349985,-2.77705,-45.5723,-2.44018,0.0363523,-0.016889,0.581989,0.812208
cloud_1683269801_449723000,1683269801.449723,-3.021,-46.9635,-2.46047,0.0343041,-0.0304241,0.568432,0.821451
cloud_1683269802_550389000,1683269802.550389,-3.33065,-48.2907,-2.49603,0.0263103,-0.0177059,0.553291,0.832384
cloud_1683269803_650629000,1683269803.650629,-3.64036,-49.5889,-2.52906,0.023392,0.00551223,0.5696,0.82157
cloud_1683269804_750399000,1683269804.750399,-3.96004,-50.8406,-2.55595,0.0126548,0.00844593,0.605124,0.795986
cloud_1683269805_850461000,1683269805.850461,-4.31616,-52.069,-2.59162,0.0205424,-0.00888891,0.574079,0.818494
cloud_1683269807_150073000,1683269807.150073,-4.67499,-53.397,-2.60482,0.0201779,0.0114755,0.623051,0.781837
cloud_1683269808_350413000,1683269808.350413,-4.9389,-54.7678,-2.59609,0.0374923,-0.0239515,0.611313,0.790137
cloud_1683269809_750629000,1683269809.750629,-5.26772,-56.2804,-2.60841,0.0119004,0.00431042,0.574825,0.818179
cloud_1683269810_850283000,1683269810.850283,-5.60413,-57.2998,-2.58215,0.029275,-0.0156023,0.624518,0.780305
cloud_1683269815_150979000,1683269815.150979,-5.04093,-55.6404,-2.59272,-0.0287939,-0.0466166,-0.779795,0.623632
cloud_1683269816_550143000,1683269816.550143,-4.85062,-53.9143,-2.57514,0.00309909,-0.0128975,-0.793479,0.608453
cloud_1683269817_550670000,1683269817.55067,-4.62879,-52.7229,-2.58042,-0.0299491,-0.0274794,-0.789389,0.612546
cloud_1683269818_750340000,1683269818.75034,-4.38313,-51.2551,-2.57167,-0.034165,-0.0313477,-0.805599,0.590643
cloud_1683269819_950205000,1683269819.950205,-4.1273,-49.6727,-2.55784,-0.0596954,-0.0513491,-0.806899,0.585418
cloud_1683269820_650421000,1683269820.650421,-3.9314,-48.6737,-2.53404,-0.0544584,-0.048679,-0.830837,0.551702
cloud_1683269821_849786000,1683269821.849786,-3.56472,-47.0197,-2.49416,-0.0564313,-0.0285957,-0.811856,0.58042
cloud_1683269823_149548000,1683269823.149548,-3.20341,-45.2811,-2.41985,-0.0540815,-0.0399693,-0.798519,0.598202
cloud_1683269824_650640000,1683269824.65064,-2.75381,-43.2224,-2.37284,-0.0357397,-0.0522693,-0.795835,0.602194
cloud_1683269825_549901000,1683269825.549901,-2.45786,-42.0173,-2.3397,-0.0472827,-0.0362037,-0.780922,0.621784
cloud_1683269826_449631000,1683269826.449631,-2.21799,-40.7528,-2.25904,-0.0568135,-0.0358947,-0.774942,0.62845
cloud_1683269827_750108000,1683269827.750108,-1.90138,-38.9716,-2.16289,-0.0483058,-0.0524782,-0.778477,0.623608
cloud_1683269828_450371000,1683269828.450371,-1.73135,-37.967,-2.14433,-0.065027,-0.0677226,-0.779741,0.619023
cloud_1683269829_750295000,1683269829.750295,-1.43721,-36.1171,-2.01921,-0.0635527,-0.049025,-0.76457,0.639523
cloud_1683269830_650943000,1683269830.650943,-1.37255,-34.8653,-1.91212,-0.0628247,-0.0686866,-0.735888,0.670675
cloud_1683269831_549428000,1683269831.549428,-1.2725,-33.6039,-1.82825,-0.0617965,-0.0684018,-0.719177,0.688685
cloud_1683269832_349961000,1683269832.349961,-1.2159,-32.5628,-1.7433,-0.0518755,-0.0520019,-0.709082,0.70129
cloud_1683269833_749619000,1683269833.749619,-1.24655,-30.6806,-1.64489,-0.0626268,-0.0749147,-0.677755,0.728775
cloud_1683269835_050491000,1683269835.050491,-1.69949,-29.0202,-1.49082,-0.0101814,-0.0833187,-0.538929,0.838159
cloud_1683269836_250268000,1683269836.250268,-2.68287,-27.8542,-1.38141,0.0108096,-0.0980336,-0.283279,0.953953
cloud_1683269837_549945000,1683269837.549945,-4.08273,-27.2599,-1.22585,0.028585,-0.0731161,-0.0788432,0.993791
cloud_1683269838_748877000,1683269838.748877,-5.52474,-27.2612,-1.3624,0.03757,-0.0285072,0.0197529,0.998692
cloud_1683269840_049232000,1683269840.049232,-7.09296,-27.5245,-1.45126,-0.0139113,-0.0473602,0.0492743,0.997565
cloud_1683269841_348699000,1683269841.348699,-8.53556,-27.7574,-1.46815,-0.00590869,-0.0331971,0.00829015,0.999397
cloud_1683269842_749850000,1683269842.74985,-10.2136,-27.5055,-1.44659,-0.00584869,-0.0611382,-0.168064,0.983861
cloud_1683269844_050430000,1683269844.05043,-11.7784,-26.9245,-1.39299,-0.0173163,-0.082938,-0.233843,0.968576
cloud_1683269845_450100000,1683269845.4501,-13.3312,-26.3208,-1.30342,0.0142431,-0.0760969,-0.104409,0.991517
cloud_1683269846_949207000,1683269846.949207,-15.0953,-26.0414,-1.30798,-0.00101405,-0.0207753,-0.0745317,0.997002
cloud_1683269848_350103000,1683269848.350103,-16.8359,-25.8668,-1.2778,0.00282276,-0.0789273,-0.0931273,0.992517
cloud_1683269849_249664000,1683269849.249664,-17.9803,-25.8805,-1.33568,0.0114895,-0.0824671,-0.0295462,0.996089
cloud_1683269850_448857000,1683269850.448857,-19.6105,-25.9916,-1.38436,0.00521167,-0.0919578,-0.0420836,0.99486
cloud_1683269851_650170000,1683269851.65017,-21.0919,-25.8577,-1.29156,0.017412,-0.0725441,-0.0598021,0.995418
cloud_1683269852_749200000,1683269852.7492,-22.3351,-25.9082,-1.28555,0.0311674,-0.0609233,0.0614922,0.995759
cloud_1683269853_949854000,1683269853.949854,-23.6539,-26.3915,-1.38946,0.0204063,-0.0317969,0.216833,0.975477
cloud_1683269855_048875000,1683269855.048875,-24.8507,-27.0069,-1.45056,0.00873288,-0.0578102,0.240123,0.96898
cloud_1683269856_149950000,1683269856.14995,-26.0494,-27.6365,-1.49844,0.0273391,-0.07331,0.166558,0.982923
cloud_1683269857_550220000,1683269857.55022,-27.5969,-28.3371,-1.66935,0.0312847,-0.0265729,0.314094,0.948504
cloud_1683269858_747013000,1683269858.747013,-28.7228,-29.2366,-1.75106,0.0154173,-0.0428013,0.353715,0.934246
cloud_1683269859_849624000,1683269859.849624,-29.7432,-30.1776,-1.84582,0.0333091,-0.0786102,0.299168,0.950373
cloud_1683269860_950053000,1683269860.950053,-30.7746,-31.0095,-1.90658,0.0253317,-0.0552332,0.257445,0.96438
cloud_1683269862_148634000,1683269862.148634,-31.8856,-32.0887,-2.02138,0.0263429,-0.0483467,0.329187,0.942658
cloud_1683269863_248971000,1683269863.248971,-32.9835,-33.0611,-1.96636,0.0171053,-0.0960814,0.257753,0.961269
cloud_1683269864_550082000,1683269864.550082,-34.3634,-33.9071,-1.94239,0.0264854,-0.0700548,0.229254,0.970481
cloud_1683269865_649238000,1683269865.649238,-35.3341,-34.6105,-2.06409,0.00282688,-0.0608628,0.285013,0.956585
cloud_1683269866_648804000,1683269866.648804,-36.1028,-35.2922,-2.35953,-0.0208934,-0.0503653,0.195791,0.979129
cloud_1683269867_849600000,1683269867.8496,-37.4261,-35.709,-2.4524,-0.0345267,-0.0650153,-0.0888313,0.993323
cloud_1683269869_050063000,1683269869.050063,-38.8383,-35.2922,-2.43919,-0.0288345,-0.0834962,-0.272511,0.958089
cloud_1683269870_349797000,1683269870.349797,-40.2286,-34.7717,-2.32229,0.00537235,-0.0959015,-0.109134,0.989375
cloud_1683269871_549244000,1683269871.549244,-41.3955,-34.579,-2.29931,-0.0166221,-0.0744819,-0.125607,0.989141
cloud_1683269872_749439000,1683269872.749439,-42.6015,-34.4121,-2.17248,0.0192048,-0.0797209,-0.105837,0.990997
cloud_1683269874_250038000,1683269874.250038,-44.1047,-34.1714,-2.11643,-0.0175482,-0.0886695,-0.156487,0.983535
cloud_1683269875_449810000,1683269875.44981,-45.2849,-33.9147,-2.10746,-0.0164829,-0.0785895,-0.160321,0.983793
cloud_1683269877_150275000,1683269877.150275,-46.6183,-33.1807,-1.88881,-0.0464052,-0.116672,-0.42593,0.896001
cloud_1683269878_350210000,1683269878.35021,-47.5272,-32.2943,-1.61214,-0.0313532,-0.12828,-0.402431,0.905876
cloud_1683269879_547434000,1683269879.547434,-48.2143,-31.4678,-1.36394,-0.056204,-0.100209,-0.555762,0.823364
cloud_1683269880_749808000,1683269880.749808,-48.7655,-30.5488,-1.17931,-0.0345691,-0.115972,-0.48625,0.8654
cloud_1683269881_948555000,1683269881.948555,-49.3626,-29.6062,-0.984053,-0.0526311,-0.0939053,-0.585317,0.803627
cloud_1683269883_448066000,1683269883.448066,-49.7511,-28.1912,-0.645974,-0.0835793,-0.156419,-0.650549,0.738467
cloud_1683269884_749639000,1683269884.749639,-49.8059,-27.1939,-0.436581,-0.0664041,-0.0568745,-0.729936,0.6779
cloud_1683269886_048777000,1683269886.048777,-49.5565,-26.1915,-0.347219,0.0855423,0.0557966,0.911297,-0.398882
cloud_1683269888_051112000,1683269888.051112,-48.2684,-25.4219,-0.22933,0.0713901,0.033578,0.996684,-0.0199062
cloud_1683269889_146894000,1683269889.146894,-47.2241,-25.6454,-0.251019,0.0878697,0.0064239,0.992884,0.080115
cloud_1683269890_448205000,1683269890.448205,-45.9417,-25.397,-0.226391,0.0695397,0.0525505,0.985986,-0.142247
cloud_1683269891_849143000,1683269891.849143,-44.7265,-24.5978,-0.223422,0.0393677,0.032435,0.975638,-0.213376
cloud_1683269892_949549000,1683269892.949549,-43.7432,-23.9394,-0.153308,0.0622229,0.0305114,0.981404,-0.179008
cloud_1683269894_150165000,1683269894.150165,-42.6436,-23.3007,-0.144929,0.03037,0.0224575,0.993591,-0.106539
cloud_1683269895_349215000,1683269895.349215,-41.2822,-22.7701,-0.210947,0.0356646,0.0123625,0.996469,-0.0750007
cloud_1683269896_648900000,1683269896.6489,-39.6347,-22.3211,-0.166131,0.0572977,0.0130159,0.994464,-0.0871119
cloud_1683269898_048699000,1683269898.048699,-37.9128,-21.8799,-0.241117,0.0716283,-0.00154997,0.997103,-0.025541
cloud_1683269898_849338000,1683269898.849338,-36.8882,-21.7546,-0.220435,0.0649528,-0.00137019,0.995863,0.0635331
cloud_1683269900_248714000,1683269900.248714,-35.0884,-22.059,-0.29334,0.0665685,0.000359916,0.989746,0.126379
cloud_1683269901_049255000,1683269901.049255,-34.0238,-22.3136,-0.352025,0.0280142,0.00386061,0.985383,0.167987
cloud_1683269902_349880000,1683269902.34988,-32.2749,-22.6548,-0.354379,0.0544953,0.0212613,0.990405,0.125201
cloud_1683269903_749578000,1683269903.749578,-30.445,-22.8551,-0.339476,0.103245,0.0115413,0.989478,0.100702
cloud_1683269904_550046000,1683269904.550046,-29.4653,-23.072,-0.421842,0.0959652,-0.0046779,0.982543,0.159302
cloud_1683269905_949882000,1683269905.949882,-27.8052,-23.2776,-0.506747,0.0521085,0.014893,0.991989,0.114107
cloud_1683269907_347768000,1683269907.347768,-26.0829,-23.2522,-0.580293,0.0560763,-0.00594175,0.993343,0.100452
cloud_1683269908_846869000,1683269908.846869,-24.3489,-23.2494,-0.708841,0.0684204,0.00337657,0.997606,0.0094977
cloud_1683269910_147402000,1683269910.147402,-22.8831,-22.7789,-0.684536,0.0872052,0.0252606,0.986359,-0.137305
cloud_1683269911_449477000,1683269911.449477,-21.4984,-22.0944,-0.632398,0.0844114,0.0398423,0.969428,-0.22693
cloud_1683269912_849109000,1683269912.849109,-20.1596,-21.2466,-0.483726,0.0656178,0.017112,0.988222,-0.137181
cloud_1683269913_650290000,1683269913.65029,-19.2204,-20.8653,-0.428041,0.068756,0.0248006,0.992306,-0.0999364
cloud_1683269914_449780000,1683269914.44978,-18.2136,-20.6461,-0.413897,0.105164,0.0155195,0.98684,-0.121845
cloud_1683269915_349879000,1683269915.349879,-17.1297,-20.3605,-0.347415,0.0675505,0.0100498,0.993397,-0.0921886
cloud_1683269916_149285000,1683269916.149285,-16.1545,-20.0995,-0.342421,0.0790614,0.0205894,0.99638,-0.0234879
cloud_1683269917_749248000,1683269917.749248,-14.1614,-20.034,-0.332016,0.0530216,-0.00738971,0.994161,0.0936875
cloud_1683269918_649757000,1683269918.649757,-13.0364,-20.093,-0.360901,0.0742825,0.0196201,0.994497,0.071218
cloud_1683269920_249692000,1683269920.249692,-10.9694,-20.1753,-0.298039,0.0589706,-0.000697188,0.995766,0.0705079
cloud_1683269921_450493000,1683269921.450493,-9.39055,-20.3152,-0.33695,0.0426114,-0.0141405,0.995296,0.0858534
cloud_1683269922_649144000,1683269922.649144,-7.838,-20.6168,-0.36836,0.0683327,-0.00626099,0.984285,0.162712
cloud_1683269923_950253000,1683269923.950253,-6.15486,-20.9943,-0.436144,0.0798463,0.0114546,0.993658,0.0783446
cloud_1683269924_948657000,1683269924.948657,-4.98971,-21.1254,-0.385891,0.0703917,0.0142355,0.995874,0.0554684
cloud_1683269926_549753000,1683269926.549753,-3.1205,-20.9471,-0.648126,0.0507109,9.2409e-05,0.990291,0.129431
cloud_1683269927_948861000,1683269927.948861,-1.70209,-21.2568,-0.891771,0.0405506,-0.0191003,0.897587,0.438552
cloud_1683269929_346565000,1683269929.346565,-1.20362,-22.6721,-1.0229,0.030519,-0.0352254,0.658294,0.751316
cloud_1683269930_650527000,1683269930.650527,-1.26688,-24.4338,-1.11557,0.0290448,-0.023678,0.650278,0.758772
cloud_1683269931_749672000,1683269931.749672,-1.40182,-25.9257,-1.22158,0.0357619,-0.0194832,0.646769,0.761598
cloud_1683269933_049509000,1683269933.049509,-1.61232,-27.6338,-1.40439,0.0353834,-0.0194275,0.620048,0.783525
cloud_1683269933_849801000,1683269933.849801,-1.77128,-28.6844,-1.4611,0.0265749,-0.0188501,0.641124,0.766745
cloud_1683269935_249588000,1683269935.249588,-1.93915,-30.488,-1.63867,0.02819,-0.00991767,0.625329,0.779789
cloud_1683269936_647103000,1683269936.647103,-2.00762,-32.3377,-1.74267,0.0434577,-0.0243184,0.653323,0.75544
cloud_1683269937_948837000,1683269937.948837,-1.9991,-33.9428,-1.9211,-0.00023143,0.00332089,0.672271,0.740298
cloud_1683269939_047968000,1683269939.047968,-2.04891,-35.247,-2.01114,-0.0030871,-0.00136261,0.631686,0.775217
cloud_1683269940_149707000,1683269940.149707,-2.19825,-36.4348,-2.07346,-0.000709173,-0.000708369,0.626317,0.779568
cloud_1683269941_249099000,1683269941.249099,-2.23008,-37.682,-2.1436,0.00903641,-0.000364981,0.657903,0.753048
cloud_1683269942_348902000,1683269942.348902,-2.22047,-38.9387,-2.21061,0.0137526,-0.000868317,0.60412,0.796774
cloud_1683269943_449450000,1683269943.44945,-2.38262,-40.1932,-2.26257,0.0133636,-0.0147695,0.574393,0.818337
cloud_1683269944_448982000,1683269944.448982,-2.54472,-41.2463,-2.32118,0.00549451,0.002023,0.560046,0.828441
cloud_1683269945_550089000,1683269945.550089,-2.73376,-42.3262,-2.3805,-4.66265e-05,0.0103308,0.587915,0.808856
cloud_1683269946_749429000,1683269946.749429,-2.72845,-43.3316,-2.40259,0.00102942,-0.0048872,0.271368,0.962463
cloud_1683269949_449840000,1683269949.44984,-2.63848,-41.7147,-2.31471,-0.0469742,-0.0479885,-0.778181,0.62444
cloud_1683269950_549222000,1683269950.549222,-2.36396,-40.2369,-2.23771,-0.0470788,-0.0437019,-0.776519,0.626811
cloud_1683269951_748002000,1683269951.748002,-2.15302,-38.6614,-2.17138,-0.0469419,-0.0396194,-0.781592,0.620758
cloud_1683269952_849124000,1683269952.849124,-1.95935,-37.1613,-2.05297,-0.0476321,-0.0624299,-0.767267,0.636503
cloud_1683269954_049077000,1683269954.049077,-1.96203,-35.5764,-1.97636,-0.0434014,-0.0538333,-0.738308,0.67091
cloud_1683269955_349556000,1683269955.349556,-1.94683,-33.8963,-1.86506,-0.0176874,-0.0218216,-0.745781,0.665599
cloud_1683269956_749786000,1683269956.749786,-1.8243,-32.1357,-1.7025,-0.0377465,-0.0564933,-0.745157,0.663419
cloud_1683269958_349089000,1683269958.349089,-1.69041,-30.0975,-1.57445,-0.0426626,-0.0550856,-0.744901,0.663527
cloud_1683269959_548680000,1683269959.54868,-1.64291,-28.5051,-1.43962,-0.0427069,-0.0471352,-0.739469,0.670179
cloud_1683269960_748970000,1683269960.74897,-1.61774,-26.9211,-1.30567,-0.045215,-0.0489193,-0.745315,0.663376
cloud_1683269962_049781000,1683269962.049781,-1.49479,-25.2008,-1.16014,-0.0559749,-0.0564446,-0.747725,0.659233
cloud_1683269963_249511000,1683269963.249511,-1.43449,-23.6134,-1.05459,-0.0428723,-0.049897,-0.760096,0.646472
cloud_1683269964_649213000,1683269964.649213,-1.391,-21.7344,-0.954495,-0.0226336,-0.0378522,-0.738572,0.672731
cloud_1683269965_948649000,1683269965.948649,-1.2401,-20.1341,-0.823108,-0.00808216,-0.0465274,-0.767233,0.639628
cloud_1683269967_349594000,1683269967.349594,-1.12615,-18.3918,-0.704006,-0.0225245,-0.0457663,-0.748753,0.660883
cloud_1683269968_649039000,1683269968.649039,-1.08337,-16.7295,-0.647368,-0.0381531,-0.0472699,-0.752813,0.655425
cloud_1683269969_848726000,1683269969.848726,-1.11318,-15.224,-0.562518,-0.0169908,-0.0482469,-0.728945,0.682659
cloud_1683269971_049085000,1683269971.049085,-1.13992,-13.701,-0.48038,-0.0334927,-0.0491188,-0.7068,0.704911
cloud_1683269972_348325000,1683269972.348325,-1.02148,-12.0494,-0.389983,-0.0255275,-0.0320918,-0.721008,0.691712
cloud_1683269973_149291000,1683269973.149291,-1.03026,-11.0498,-0.322157,-0.0143466,-0.0478844,-0.701571,0.710844
cloud_1683269974_549335000,1683269974.549335,-1.27078,-9.31712,-0.298146,-0.00505679,-0.0401213,-0.514548,0.856507
cloud_1683269975_649016000,1683269975.649016,-2.09549,-8.29808,-0.251819,0.0207087,-0.0597424,-0.306688,0.949708
cloud_1683270006_348685000,1683270006.348685,-3.09437,-8.03001,-0.0982958,0.0159911,-0.0384216,0.409296,0.911452
cloud_1683270007_848950000,1683270007.84895,-4.015,-8.43996,-6.11311e-05,0.0147128,-0.0112169,0.376056,0.926412
cloud_1683270009_748684000,1683270009.748684,-5.01303,-8.73966,-0.0324285,0.0354852,0.00447919,0.488536,0.87181
cloud_1683270011_946805000,1683270011.946805,-6.20234,-9.18992,-0.143873,0.00788633,-0.0154689,-0.0118185,0.999779
cloud_1683270013_447381000,1683270013.447381,-7.98623,-9.45073,-0.138777,0.0147505,-0.0356069,0.00188266,0.999255
cloud_1683270014_548474000,1683270014.548474,-9.40955,-9.56532,-0.139363,0.0131937,-0.0599416,-0.0241202,0.997823
cloud_1683270015_749368000,1683270015.749368,-11.0194,-9.59564,-0.204212,0.00835006,-0.0493581,-0.0291156,0.998322
cloud_1683270017_149458000,1683270017.149458,-12.9365,-9.72146,-0.230958,0.00358719,-0.0390089,-0.01611,0.999103
cloud_1683270018_047322000,1683270018.047322,-14.2264,-9.74748,-0.364712,0.00103694,-0.00829627,0.0232571,0.999695
cloud_1683270019_046377000,1683270019.046377,-15.6306,-9.95965,-0.430238,0.0238649,-0.0348536,0.139869,0.989269
cloud_1683270020_349277000,1683270020.349277,-17.1297,-10.8456,-0.455033,0.0156462,-0.0395072,0.306591,0.950893
cloud_1683270021_348567000,1683270021.348567,-18.2029,-11.8018,-0.579281,0.0318228,-0.0228318,0.347754,0.936767
cloud_1683270022_547858000,1683270022.547858,-19.2892,-12.9031,-0.483799,0.0228429,-0.0270423,0.311653,0.949536
cloud_1683270023_949148000,1683270023.949148,-20.5353,-14.0034,-0.450337,0.0226471,-0.0466738,0.177468,0.982758
cloud_1683270025_448465000,1683270025.448465,-22.1437,-14.7544,-0.478023,0.0236505,-0.0520903,0.122635,0.990802
cloud_1683270026_648522000,1683270026.648522,-23.552,-15.2494,-0.489715,0.0266581,-0.032947,0.0941193,0.994658
cloud_1683270027_649988000,1683270027.649988,-24.8095,-15.7522,-0.576969,0.0203459,-0.0553323,0.195621,0.978906
cloud_1683270028_948487000,1683270028.948487,-26.2547,-16.6192,-0.559425,0.0335871,-0.0377774,0.28875,0.956069
cloud_1683270030_248522000,1683270030.248522,-27.6191,-17.4993,-0.538752,0.0158127,-0.0176345,0.191774,0.981153
cloud_1683270031_549036000,1683270031.549036,-28.9532,-18.3821,-0.470886,0.0284802,-0.0487446,0.282102,0.957722
cloud_1683270032_749097000,1683270032.749097,-30.1431,-19.3683,-0.429902,0.0494588,-0.0613999,0.320125,0.944089
cloud_1683270033_549396000,1683270033.549396,-30.8996,-20.0922,-0.398646,0.0571988,-0.0897009,0.402778,0.909094
cloud_1683270034_849267000,1683270034.849267,-31.5778,-21.4794,-0.27992,0.0795083,-0.0635913,0.623852,0.774883
cloud_1683270036_249398000,1683270036.249398,-31.357,-23.1327,-0.431246,0.046828,0.0126046,0.807561,0.587786
cloud_1683270037_746885000,1683270037.746885,-30.2698,-24.7045,-0.698425,0.0815368,-0.0199351,0.912516,0.400336
cloud_1683270039_248227000,1683270039.248227,-29.0983,-25.6078,-1.00723,0.015151,-0.0499566,0.830435,0.554664
cloud_1683270040_848627000,1683270040.848627,-28.8245,-27.0953,-1.36405,0.0261643,-0.040433,0.520081,0.852758
cloud_1683270042_347361000,1683270042.347361,-28.9272,-28.2861,-1.47995,0.0605198,-0.0589753,0.716422,0.692531
cloud_1683270043_947551000,1683270043.947551,-29.6275,-29.9875,-1.84329,0.00260023,-0.0686566,0.392314,0.917262
cloud_1683270045_548516000,1683270045.548516,-31.2426,-31.4775,-1.9759,0.0488059,-0.00924443,0.314959,0.947804
cloud_1683270047_046591000,1683270047.046591,-32.5546,-33.0421,-2.08756,0.0650929,-0.0436692,0.47342,0.877342
cloud_1683270048_449460000,1683270048.44946,-33.3535,-34.4854,-2.14273,0.0223553,-0.0327121,0.43669,0.898739
cloud_1683270049_949097000,1683270049.949097,-34.7647,-35.6284,-2.35503,0.0240191,-0.0414757,0.15947,0.986039
cloud_1683270051_346160000,1683270051.34616,-36.3279,-36.6836,-2.50845,0.0372763,-0.041906,0.300404,0.952162
cloud_1683270052_847837000,1683270052.847837,-37.655,-38.0345,-2.65852,0.0251888,-0.0421081,0.39333,0.918087
cloud_1683270054_247917000,1683270054.247917,-38.8723,-39.3932,-2.77978,0.0395742,-0.0323129,0.405911,0.912484
cloud_1683270055_549731000,1683270055.549731,-39.8025,-40.7751,-2.9692,0.0641179,-0.00855915,0.497464,0.86507
cloud_1683270056_648373000,1683270056.648373,-40.3906,-42.1987,-3.1691,0.0387726,-0.00565027,0.61046,0.791078
cloud_1683270057_948434000,1683270057.948434,-40.6871,-43.8958,-3.28779,0.0692171,-0.028955,0.670489,0.738116
cloud_1683270058_949430000,1683270058.94943,-40.5497,-45.1472,-3.29134,0.0744251,-0.0280585,0.846753,0.526007
cloud_1683270060_048439000,1683270060.048439,-39.6717,-46.0824,-3.26485,0.0658553,0.0265963,0.976443,0.203751
cloud_1683270061_348186000,1683270061.348186,-38.478,-46.3176,-3.15062,0.0491228,0.0151687,0.997906,0.0392565
cloud_1683270063_049042000,1683270063.049042,-36.8798,-46.2884,-3.10339,0.118047,0.00669671,0.991968,0.0449329
cloud_1683270064_347904000,1683270064.347904,-35.6511,-46.6293,-3.00235,0.0932736,-0.00792846,0.963959,0.249039
cloud_1683270065_649492000,1683270065.649492,-34.3093,-47.2536,-2.91263,0.0841853,-0.014857,0.971945,0.219122
cloud_1683270066_948944000,1683270066.948944,-32.8362,-47.885,-2.85124,0.102709,-0.00213693,0.976737,0.188229
cloud_1683270068_148152000,1683270068.148152,-31.4832,-48.2526,-2.75696,0.0839327,0.0211524,0.996244,0.00223143
cloud_1683270069_349420000,1683270069.34942,-30.1586,-47.9496,-2.80675,0.0571578,0.0266788,0.97382,-0.218392
cloud_1683270070_446825000,1683270070.446825,-28.8737,-47.5732,-2.76218,0.0663981,0.0137356,0.993267,-0.0939287
cloud_1683270071_249557000,1683270071.249557,-27.875,-47.3041,-2.71684,0.0600133,0.0219105,0.983307,-0.170372
cloud_1683270072_548711000,1683270072.548711,-26.4072,-46.5844,-2.66869,0.0429738,0.0511798,0.931242,-0.35822
cloud_1683270073_947790000,1683270073.94779,-25.6784,-45.0566,-2.71028,-0.0355969,-0.0608063,-0.718369,0.692085
cloud_1683270075_148277000,1683270075.148277,-26.0112,-43.6414,-2.74915,0.00197525,-0.0857411,-0.445692,0.891069
cloud_1683270076_347867000,1683270076.347867,-27.1854,-42.651,-2.76562,0.00683498,-0.0878656,-0.252415,0.963597
cloud_1683270077_049569000,1683270077.049569,-28.1269,-42.2348,-2.73744,0.0178644,-0.0596609,-0.203632,0.977065
cloud_1683270078_547056000,1683270078.547056,-30.1495,-41.3755,-2.76407,-0.00852339,-0.111105,-0.257474,0.959839
cloud_1683270079_847401000,1683270079.847401,-31.6092,-40.5248,-2.71287,-0.00376781,-0.048349,-0.304886,0.951153
cloud_1683270081_148821000,1683270081.148821,-33.0206,-39.5018,-2.68608,-0.0115319,-0.0349251,-0.352555,0.935068
cloud_1683270082_448526000,1683270082.448526,-34.3018,-38.3711,-2.59624,-0.0100996,-0.0650727,-0.358177,0.931329
cloud_1683270083_847972000,1683270083.847972,-35.6938,-37.2964,-2.50288,-0.00694619,-0.0631113,-0.351909,0.933879
cloud_1683270084_648305000,1683270084.648305,-36.5827,-36.6744,-2.53291,-0.000180073,-0.0659775,-0.331459,0.94116
cloud_1683270085_548280000,1683270085.54828,-37.5225,-35.8855,-2.45039,-0.0280029,-0.0570308,-0.406523,0.911429
cloud_1683270086_348170000,1683270086.34817,-38.1378,-35.0623,-2.40993,-0.0673593,-0.0766352,-0.517238,0.849738
cloud_1683270088_049116000,1683270088.049116,-38.9014,-33.2106,-2.13843,-0.0691153,-0.0924519,-0.706777,0.697955
cloud_1683270089_847337000,1683270089.847337,-38.4272,-31.4682,-1.75381,-0.0965456,-0.0641478,-0.818779,0.562286
cloud_1683270091_448730000,1683270091.44873,-37.83,-29.8732,-1.55294,-0.0925914,-0.0995496,-0.75622,0.640037
cloud_1683270093_249008000,1683270093.249008,-38.3472,-28.5132,-1.08386,-0.0102562,-0.132149,-0.435304,0.890473
cloud_1683270094_946748000,1683270094.946748,-39.2547,-27.3843,-0.797113,-0.0263579,-0.122086,-0.507051,0.852819
cloud_1683270096_247060000,1683270096.24706,-39.5808,-26.2061,-0.496519,-0.0618006,-0.0824334,-0.696479,0.710142
cloud_1683270097_748898000,1683270097.748898,-39.5848,-24.7311,-0.204457,-0.0596632,-0.065683,-0.694503,0.713997
cloud_1683270098_948058000,1683270098.948058,-39.6662,-23.4378,-0.146391,-0.0495304,-0.0585056,-0.772782,0.630025
cloud_1683270100_448350000,1683270100.44835,-39.3514,-21.9027,-0.149069,-0.0389507,-0.0477121,-0.822096,0.566008
cloud_1683270101_849061000,1683270101.849061,-39.1157,-20.3999,-0.128819,-0.0337676,-0.0879947,-0.650384,0.753735
cloud_1683270103_148194000,1683270103.148194,-39.6064,-19.0519,-0.259751,-0.00211385,-0.0519386,-0.552782,0.831703
cloud_1683270104_549014000,1683270104.549014,-40.3788,-17.4984,-0.422685,-0.0165338,-0.050147,-0.618163,0.784275
cloud_1683270106_046840000,1683270106.04684,-41.0225,-15.7584,-0.611134,0.00938354,-0.052277,-0.68281,0.728662
cloud_1683270107_445491000,1683270107.445491,-41.5859,-14.3796,-0.753763,-0.00808045,-0.0337561,-0.740549,0.671106
cloud_1683270109_448091000,1683270109.448091,-40.9945,-13.1633,-0.905852,0.0982056,0.0199472,0.992363,-0.0719309
cloud_1683270110_649072000,1683270110.649072,-39.9704,-13.0082,-0.976108,0.0774051,0.0177418,0.991281,0.105149
cloud_1683270111_848070000,1683270111.84807,-38.7932,-13.0634,-1.07286,0.0740889,0.0323445,0.991942,-0.0975454
cloud_1683270113_946337000,1683270113.946337,-37.627,-12.4044,-1.14914,0.014277,0.00854392,0.928131,-0.371883
cloud_1683270115_147371000,1683270115.147371,-36.7996,-11.7387,-1.2248,0.0499347,0.0328878,0.962043,-0.266265
cloud_1683270116_345957000,1683270116.345957,-35.9852,-10.907,-1.41339,0.0120053,0.0283981,0.910318,-0.412759
cloud_1683270117_648216000,1683270117.648216,-35.2502,-10.0726,-1.41986,0.0517439,0.0243449,0.933119,-0.354991
cloud_1683270119_447576000,1683270119.447576,-34.1434,-9.61289,-1.45716,0.103244,-0.0056601,0.987331,0.120356
cloud_1683270121_249299000,1683270121.249299,-33.0593,-10.4708,-1.35285,0.0840325,-0.013516,0.918027,0.387274
cloud_1683270122_448789000,1683270122.448789,-32.2116,-11.2667,-1.30618,0.0739711,-0.0308191,0.935503,0.344112
cloud_1683270123_648571000,1683270123.648571,-31.2306,-11.9305,-1.17847,0.10088,-0.0286336,0.950443,0.292679
cloud_1683270124_948432000,1683270124.948432,-30.1089,-12.4482,-1.03717,0.103225,-0.0203784,0.964108,0.243772
cloud_1683270126_248765000,1683270126.248765,-28.7594,-13.0648,-0.910969,0.107752,-0.00519445,0.948488,0.29788
cloud_1683270127_748814000,1683270127.748814,-27.779,-14.3169,-0.820196,0.122166,-0.0310469,0.902534,0.411757
cloud_1683270128_948637000,1683270128.948637,-26.7088,-15.0114,-0.611038,0.0963144,0.0133165,0.981986,0.162016
cloud_1683270130_248775000,1683270130.248775,-25.0569,-15.426,-0.610208,0.126117,-0.00957681,0.983517,0.129218
cloud_1683270131_647867000,1683270131.647867,-23.593,-15.8103,-0.453432,0.0927873,0.00761931,0.973175,0.210386
cloud_1683270132_448665000,1683270132.448665,-22.6604,-16.2168,-0.377528,0.123196,-0.00246223,0.986537,0.107524
cloud_1683270133_749480000,1683270133.74948,-21.2844,-16.4982,-0.318473,0.04139,-0.0421044,0.988171,0.141536
cloud_1683270135_348509000,1683270135.348509,-19.4611,-17.3323,-0.325069,0.101017,-0.0274314,0.95499,0.277557
cloud_1683270136_248653000,1683270136.248653,-18.4563,-17.8796,-0.308315,0.0549897,-0.0183045,0.962454,0.265185
cloud_1683270137_047373000,1683270137.047373,-17.4753,-18.3193,-0.328865,0.0713426,0.00756529,0.965559,0.250098
cloud_1683270138_348351000,1683270138.348351,-15.9259,-18.9904,-0.32321,0.0904936,0.00889098,0.978843,0.183299
cloud_1683270140_047520000,1683270140.04752,-13.9183,-19.331,-0.242066,0.0803123,0.0137601,0.993666,0.0773808
cloud_1683270140_947258000,1683270140.947258,-12.7679,-19.48,-0.285726,0.0606639,-0.00140824,0.992309,0.107893
cloud_1683270141_748008000,1683270141.748008,-11.7169,-19.648,-0.26316,0.074412,0.00945962,0.978982,0.189652
cloud_1683270143_348692000,1683270143.348692,-9.83134,-20.1052,-0.337904,0.0751309,0.0165938,0.99063,0.112838
cloud_1683270144_248614000,1683270144.248614,-8.63332,-20.2757,-0.330064,0.0735529,0.0157884,0.995973,0.0487707
cloud_1683270145_147710000,1683270145.14771,-7.55891,-20.3686,-0.360065,0.0589466,0.0195909,0.997303,0.0390992
cloud_1683270146_847127000,1683270146.847127,-5.60157,-20.3854,-0.346152,0.0753983,0.0119586,0.988256,0.132374
cloud_1683270148_347480000,1683270148.34748,-4.01428,-20.6356,-0.417751,0.0357307,0.0162759,0.998741,0.0312343
cloud_1683270149_748642000,1683270149.748642,-2.77082,-20.5698,-0.740967,0.0272267,0.0307562,0.999156,-0.000748734
cloud_1683270150_948691000,1683270150.948691,-1.42294,-20.2796,-0.865853,0.0510594,0.0345956,0.980607,-0.186025
cloud_1683270152_348894000,1683270152.348894,-0.416343,-19.4714,-0.791068,-0.035446,-0.0625242,-0.805021,0.588877
cloud_1683270153_847974000,1683270153.847974,-0.150803,-17.9673,-0.681275,-0.0335452,-0.0590634,-0.727788,0.68243
cloud_1683270155_447103000,1683270155.447103,-0.13927,-16.0313,-0.562809,-0.0400292,-0.0484832,-0.703764,0.707646
cloud_1683270156_646193000,1683270156.646193,-0.220804,-14.5101,-0.470031,-0.0313477,-0.0434313,-0.711854,0.700282
cloud_1683270157_948204000,1683270157.948204,-0.312117,-12.7714,-0.393108,-0.0459115,-0.0500864,-0.712706,0.698165
cloud_1683270159_246889000,1683270159.246889,-0.324629,-11.0208,-0.346505,-0.0457647,-0.0487527,-0.735565,0.674146
cloud_1683270160_147352000,1683270160.147352,-0.261972,-9.79909,-0.254475,-0.0381978,-0.0446185,-0.720193,0.691283
cloud_1683270160_948888000,1683270160.948888,-0.330074,-8.80075,-0.258537,-0.01604,-0.0486442,-0.579774,0.813166
cloud_1683270162_547399000,1683270162.547399,-1.15665,-7.27998,-0.174715,-0.0145117,-0.0556714,-0.283921,0.95712
cloud_1683270163_347303000,1683270163.347303,-2.08496,-6.79948,-0.216757,-0.0127452,-0.0962768,-0.244361,0.964809
cloud_1683270164_948407000,1683270164.948407,-3.73862,-5.90559,0.102699,-0.0113212,-0.082461,-0.311825,0.946487
cloud_1683270166_249432000,1683270166.249432,-4.94969,-5.07524,0.00585567,0.0333846,-0.0391864,-0.075717,0.9958
cloud_1683270167_547175000,1683270167.547175,-6.37747,-4.87026,-0.0893919,0.0369373,-0.0672081,0.133732,0.988046
cloud_1683270169_147462000,1683270169.147462,-8.04875,-5.70338,-0.0631789,0.0338837,-0.069422,0.217303,0.973043
cloud_1683270170_647978000,1683270170.647978,-9.79467,-6.24536,-0.139218,0.00397587,-0.0526972,0.0645452,0.996514
cloud_1683270171_947805000,1683270171.947805,-11.3887,-6.54334,-0.188125,0.00274562,-0.067062,0.0563073,0.996155
cloud_1683270173_448551000,1683270173.448551,-13.2001,-6.87316,-0.315285,0.0101568,-0.0465316,0.00509664,0.998852
cloud_1683270174_248023000,1683270174.248023,-14.237,-6.96229,-0.4009,0.0169479,-0.0350719,0.0338244,0.998668
cloud_1683270175_147189000,1683270175.147189,-15.3563,-7.17957,-0.51069,0.0282482,-0.0203596,0.167462,0.985263
cloud_1683270175_946678000,1683270175.946678,-16.265,-7.64017,-0.566987,0.0708165,-0.0304057,0.285851,0.95517
cloud_1683270176_847601000,1683270176.847601,-17.0772,-8.48966,-0.620345,0.064725,-0.0627583,0.432558,0.897087
cloud_1683270178_148395000,1683270178.148395,-17.959,-10.0076,-0.52828,0.0526634,-0.0447928,0.420739,0.904544
cloud_1683270179_448501000,1683270179.448501,-18.8121,-11.4139,-0.534437,0.0276102,-0.0252669,0.402704,0.914565
cloud_1683270180_647105000,1683270180.647105,-19.8405,-12.6646,-0.502876,0.0141432,-0.0454647,0.307534,0.950345
cloud_1683270181_448076000,1683270181.448076,-20.6811,-13.2742,-0.511565,0.0151021,-0.0755565,0.227142,0.970809
cloud_1683270182_648941000,1683270182.648941,-21.9506,-14.0129,-0.52232,0.0159649,-0.0711658,0.212548,0.974425
cloud_1683270183_948246000,1683270183.948246,-23.2714,-14.6111,-0.535798,0.0190464,-0.0600544,0.122016,0.990527
cloud_1683270185_348613000,1683270185.348613,-24.7872,-15.3246,-0.612597,0.0224574,-0.0548216,0.204907,0.976987
cloud_1683270186_246870000,1683270186.24687,-25.804,-15.8643,-0.568519,0.00802727,-0.0576785,0.220004,0.973759
cloud_1683270187_847899000,1683270187.847899,-27.6507,-16.8632,-0.626684,0.015263,-0.0462953,0.153649,0.986922
cloud_1683270189_248714000,1683270189.248714,-29.3179,-17.5354,-0.604529,0.0143316,-0.0795196,0.0531686,0.995311
cloud_1683270190_646991000,1683270190.646991,-31.0053,-17.6604,-0.665646,0.0152065,-0.0574717,-0.0704369,0.995743
cloud_1683270191_948673000,1683270191.948673,-32.4309,-17.6461,-0.555972,0.00738219,-0.091521,-0.109109,0.98978
cloud_1683270193_247974000,1683270193.247974,-33.7305,-17.3357,-0.526057,-0.0189531,-0.0611226,-0.320525,0.945076
cloud_1683270194_646400000,1683270194.6464,-34.9817,-16.7276,-0.583717,-0.0602613,-0.0719332,-0.572045,0.814837
cloud_1683270196_245861000,1683270196.245861,-35.1306,-15.6639,-0.767919,0.0203384,0.0168032,0.889045,-0.457059
cloud_1683270198_047132000,1683270198.047132,-34.2196,-14.358,-0.842281,0.0742337,0.0531278,0.936599,-0.338302
cloud_1683270199_648431000,1683270199.648431,-33.1354,-13.525,-0.982593,0.0301365,0.0110951,0.937262,-0.347144
cloud_1683270201_647691000,1683270201.647691,-31.9297,-12.3927,-1.08652,0.0795404,0.0216522,0.985887,-0.145708
cloud_1683270203_148716000,1683270203.148716,-30.5621,-12.3144,-1.00888,0.126078,-0.00607594,0.978632,0.162315
cloud_1683270204_848944000,1683270204.848944,-29.1039,-12.7469,-0.917394,0.0780091,0.0210002,0.966209,0.244772
cloud_1683270206_047143000,1683270206.047143,-28.2332,-13.4573,-0.811258,0.0789033,-0.00525175,0.905832,0.416192
cloud_1683270207_349669000,1683270207.349669,-27.4194,-14.1883,-0.652578,0.110097,0.0103506,0.980756,0.160904
cloud_1683270208_947154000,1683270208.947154,-26.0266,-14.6412,-0.715191,0.0938051,0.0492506,0.993832,0.032743
cloud_1683270210_546675000,1683270210.546675,-24.2214,-14.1236,-0.700205,0.0637214,0.0276615,0.976919,-0.202001
cloud_1683270211_347182000,1683270211.347182,-23.271,-13.7114,-0.671015,0.056176,0.0210854,0.989663,-0.130256
cloud_1683270212_847957000,1683270212.847957,-21.3222,-13.1416,-0.646646,0.101238,0.0416441,0.984316,-0.13834
cloud_1683270213_748100000,1683270213.7481,-20.2904,-12.6336,-0.543025,0.0643833,0.0507433,0.966788,-0.242074
cloud_1683270215_048292000,1683270215.048292,-18.8754,-11.5943,-0.544487,0.0733456,0.0427959,0.935033,-0.34424
cloud_1683270216_347465000,1683270216.347465,-17.4489,-10.5366,-0.520895,0.0753385,0.025225,0.972829,-0.217465
cloud_1683270217_747714000,1683270217.747714,-15.6442,-9.87234,-0.415226,0.0820438,0.00964225,0.992679,-0.0881109
cloud_1683270219_147571000,1683270219.147571,-13.8639,-9.3269,-0.303414,0.0969541,0.0194584,0.989848,-0.102088
cloud_1683270220_648643000,1683270220.648643,-12.0307,-8.74065,-0.244384,0.045135,0.0322472,0.994982,-0.0832709
cloud_1683270221_448091000,1683270221.448091,-11.0023,-8.50941,-0.186471,0.0714676,0.0165649,0.993041,-0.0921235
cloud_1683270222_347784000,1683270222.347784,-9.86319,-8.35766,-0.200054,0.0660743,0.00940402,0.99741,-0.0268304
cloud_1683270223_247725000,1683270223.247725,-8.77187,-8.28085,-0.110632,0.0542629,0.0169456,0.998277,-0.0145744
cloud_1683270224_646880000,1683270224.64688,-7.183,-7.95439,-0.101305,0.0779845,0.0485191,0.9922,-0.0842805
cloud_1683270226_446678000,1683270226.446678,-5.46585,-7.70668,-0.0614363,0.0698644,0.0129848,0.997345,-0.0159321
cloud_1683270227_846072000,1683270227.846072,-3.96095,-7.51909,-0.0185127,0.0269287,0.013665,0.997804,0.0589492
cloud_1683270229_448575000,1683270229.448575,-2.47592,-7.56892,-0.206795,0.0195804,0.0104978,0.962625,0.269927
cloud_1683270230_849217000,1683270230.849217,-1.45299,-7.78132,-0.229305,0.00879183,-0.00146244,0.90996,0.4146
cloud_1683270233_448063000,1683270233.448063,-1.05632,-8.81065,-0.240941,0.0583215,-0.0135487,0.570758,0.818932
cloud_1683270235_247550000,1683270235.24755,-1.50633,-10.5608,-0.307135,0.0425709,-0.0193844,0.677765,0.733789
cloud_1683270236_846648000,1683270236.846648,-2.17705,-12.3563,-0.412334,0.0198487,-0.0241971,0.314475,0.94875
cloud_1683270238_446452000,1683270238.446452,-3.81306,-13.2252,-0.0975153,0.0415104,-0.0597798,0.102283,0.992089
cloud_1683270239_846508000,1683270239.846508,-5.30996,-13.7141,-0.040806,0.0130858,-0.0129813,0.136473,0.990472
cloud_1683270240_648245000,1683270240.648245,-6.3491,-14.1026,-0.0335835,0.0249205,-0.0660615,0.163614,0.983995
cloud_1683270241_946403000,1683270241.946403,-7.80999,-14.8564,-0.0549385,0.0519371,-0.0384699,0.330341,0.941646
cloud_1683270243_147197000,1683270243.147197,-8.74851,-16.0928,-0.111797,0.0511421,-0.0276835,0.535581,0.842479
cloud_1683270243_946137000,1683270243.946137,-9.13328,-17.0635,-0.0994035,0.0343252,-0.0182655,0.50423,0.862694
cloud_1683270245_047110000,1683270245.04711,-9.77491,-18.3759,-0.144082,0.052359,-0.0262769,0.482306,0.874042
cloud_1683270245_847886000,1683270245.847886,-10.2943,-19.2665,-0.203925,0.0488297,-0.0436849,0.496873,0.865346
cloud_1683270247_146894000,1683270247.146894,-10.749,-20.8148,-0.474836,0.0287709,-0.0269209,0.540963,0.840123
cloud_1683270248_646935000,1683270248.646935,-11.7045,-22.326,-0.643764,0.0370325,-0.0525525,0.356875,0.931937
cloud_1683270249_447995000,1683270249.447995,-12.4978,-22.9576,-0.857767,0.0316955,-0.0824787,0.226076,0.970094
cloud_1683270250_448010000,1683270250.44801,-13.6103,-23.4899,-0.870683,0.0169474,-0.0768476,0.147873,0.985871
cloud_1683270251_347986000,1683270251.347986,-14.6797,-23.8653,-0.971788,0.0112047,-0.0439813,0.162476,0.985668
cloud_1683270252_847956000,1683270252.847956,-16.4308,-24.5664,-1.0706,0.0434154,-0.0736096,0.242995,0.966256
cloud_1683270253_747359000,1683270253.747359,-17.3362,-25.126,-1.205,0.0274656,-0.0291969,0.347917,0.936668
cloud_1683270255_047868000,1683270255.047868,-18.4878,-26.2254,-1.37593,0.0336792,-0.0326047,0.449719,0.891939
cloud_1683270256_248478000,1683270256.248478,-19.0757,-27.4647,-1.56758,0.0335999,-0.0298943,0.607087,0.793361
cloud_1683270257_448878000,1683270257.448878,-19.2178,-28.9226,-1.78395,0.0504709,-0.0195455,0.669411,0.740918
cloud_1683270258_847610000,1683270258.84761,-19.5206,-30.7635,-1.96412,0.0738074,-0.0358733,0.647289,0.757814
cloud_1683270260_347100000,1683270260.3471,-19.6505,-32.5733,-2.13321,0.0634454,-0.0147773,0.74773,0.6608
cloud_1683270261_747591000,1683270261.747591,-19.2159,-34.282,-2.20053,0.0455035,-0.0410104,0.753895,0.654133
cloud_1683270262_547200000,1683270262.5472,-19.2497,-35.3237,-2.31481,0.0340661,-0.0559303,0.612279,0.787925
cloud_1683270263_747878000,1683270263.747878,-19.7217,-36.9074,-2.43432,0.0243749,-0.0397618,0.534969,0.843583
cloud_1683270265_046831000,1683270265.046831,-20.4718,-38.4293,-2.49627,0.00882787,-0.0694417,0.442,0.894279
cloud_1683270266_546802000,1683270266.546802,-21.8785,-39.8468,-2.5918,0.0170425,-0.0469518,0.204188,0.977656
cloud_1683270267_347643000,1683270267.347643,-22.8062,-40.2793,-2.57027,0.0110329,-0.0454462,0.168146,0.984652
cloud_1683270268_648247000,1683270268.648247,-24.2511,-40.8574,-2.63719,0.0348344,-0.0420458,0.181988,0.981784
cloud_1683270269_948090000,1683270269.94809,-25.6114,-41.5259,-2.72308,0.025573,-0.0342263,0.192994,0.980269
cloud_1683270271_447995000,1683270271.447995,-27.2202,-42.3788,-2.74429,0.0267915,-0.0224208,0.193241,0.980529
cloud_1683270272_747919000,1683270272.747919,-28.5806,-43.1218,-2.74658,0.0391973,-0.0390165,0.270441,0.961147
cloud_1683270274_046565000,1683270274.046565,-29.7019,-44.0175,-2.78137,0.0525764,-0.0282735,0.387627,0.919881
cloud_1683270275_545037000,1683270275.545037,-30.2035,-45.5107,-2.80561,0.0393005,-0.0149873,0.624607,0.779806
cloud_1683270276_647908000,1683270276.647908,-30.3004,-46.6439,-2.75316,0.0541439,-0.0189248,0.678953,0.731938
cloud_1683270277_846576000,1683270277.846576,-30.3836,-47.9799,-2.77452,0.0466736,-0.0205297,0.6708,0.739883
cloud_1683270278_947286000,1683270278.947286,-30.4059,-49.3077,-2.8227,0.0566711,-0.0222105,0.684822,0.726164
cloud_1683270280_447189000,1683270280.447189,-30.5549,-51.0425,-2.76617,0.0408703,-0.0266034,0.597019,0.800743
cloud_1683270281_947436000,1683270281.947436,-30.8724,-52.7615,-2.76641,0.063572,-0.0340347,0.551288,0.831193
cloud_1683270283_347379000,1683270283.347379,-31.3885,-54.4105,-2.83998,0.0406658,-0.0189923,0.591876,0.804779
cloud_1683270284_646572000,1683270284.646572,-31.7022,-55.9372,-2.82452,0.0188504,-0.0119663,0.647519,0.761722
cloud_1683270285_747058000,1683270285.747058,-31.8454,-57.2545,-2.73237,0.0487254,-0.0573879,0.549675,0.83198
cloud_1683270287_246989000,1683270287.246989,-32.5288,-58.9574,-2.79311,0.0517224,-0.0671288,0.457416,0.885205
cloud_1683270288_146970000,1683270288.14697,-33.1422,-59.8954,-2.81162,0.0248773,-0.0649931,0.386714,0.91957
cloud_1683270288_946851000,1683270288.946851,-33.8976,-60.5881,-2.79122,0.0372748,-0.0733686,0.317099,0.944815
cloud_1683270290_248150000,1683270290.24815,-35.0592,-61.7855,-2.82402,0.0351372,-0.0494107,0.414532,0.908013
cloud_1683270291_148067000,1683270291.148067,-35.6891,-62.7449,-2.81599,0.05297,-0.0382324,0.478706,0.875541
cloud_1683270292_747526000,1683270292.747526,-36.5066,-64.5627,-2.80284,0.0737479,-0.0657593,0.530789,0.841724
cloud_1683270293_647734000,1683270293.647734,-36.836,-65.6545,-2.78526,0.0695637,-0.0568319,0.526818,0.845219
cloud_1683270294_547811000,1683270294.547811,-37.0679,-66.6903,-2.76158,0.0482675,-0.040044,0.510352,0.857676
cloud_1683270296_045172000,1683270296.045172,-38.2847,-68.0877,-2.87475,0.01339,-0.0588279,0.24625,0.967327
cloud_1683270296_846762000,1683270296.846762,-39.218,-68.6363,-2.9203,0.0333911,-0.0497832,0.197493,0.97847
cloud_1683270297_648364000,1683270297.648364,-40.1642,-69.1011,-2.98645,0.0493412,-0.0493607,0.267882,0.96092
cloud_1683270299_046858000,1683270299.046858,-41.3661,-70.4463,-3.05702,0.0488057,-0.0409294,0.494837,0.866648
cloud_1683270300_246507000,1683270300.246507,-41.8738,-71.825,-3.0653,0.0788686,-0.0452325,0.62848,0.772494
cloud_1683270301_547836000,1683270301.547836,-41.8212,-73.26,-2.95437,0.0860425,-0.0175346,0.798977,0.594915
cloud_1683270302_747104000,1683270302.747104,-41.2921,-74.4979,-2.88075,0.0975331,-0.0261091,0.861819,0.497064
cloud_1683270303_946798000,1683270303.946798,-40.2411,-75.4132,-2.71614,0.101379,0.00100922,0.944961,0.311078
cloud_1683270305_346569000,1683270305.346569,-38.8628,-76.1574,-2.66906,0.0948445,-0.0231344,0.94391,0.315441
cloud_1683270306_847065000,1683270306.847065,-37.4495,-77.1172,-2.57431,0.0697268,-0.0125566,0.947614,0.31146
cloud_1683270308_248569000,1683270308.248569,-36.0649,-77.8894,-2.48671,0.0673622,-0.00786811,0.965414,0.251745
cloud_1683270309_647256000,1683270309.647256,-34.5507,-78.3708,-2.42567,0.0947876,0.0228472,0.99345,0.0595791
cloud_1683270311_247626000,1683270311.247626,-32.5072,-78.3638,-2.4274,0.0705959,0.00678755,0.997477,-0.00305725
cloud_1683270312_746397000,1683270312.746397,-30.7503,-78.2206,-2.38024,0.0532561,0.0211976,0.995474,-0.0757977
cloud_1683270314_247554000,1683270314.247554,-29.1071,-77.5681,-2.48896,0.0567999,0.0598934,0.954959,-0.285025
cloud_1683270315_847017000,1683270315.847017,-28.1756,-75.9303,-2.47726,-0.0304465,-0.0574875,-0.792941,0.605816
cloud_1683270317_447854000,1683270317.447854,-27.9236,-73.8504,-2.50479,-0.0392428,-0.038105,-0.771193,0.634247
cloud_1683270318_746174000,1683270318.746174,-27.5198,-72.0687,-2.45008,-0.091805,-0.0727861,-0.818423,0.562546
cloud_1683270320_247450000,1683270320.24745,-26.887,-70.0906,-2.49166,0.0324791,0.0273794,0.865343,-0.499376
cloud_1683270321_746330000,1683270321.74633,-25.9848,-68.1996,-2.46006,0.0627114,0.0420964,0.874376,-0.479334
cloud_1683270322_547031000,1683270322.547031,-25.3358,-67.2187,-2.50886,0.0404818,0.0433508,0.885034,-0.461732
cloud_1683270323_347216000,1683270323.347216,-24.6937,-66.2892,-2.47477,0.0446475,0.0313242,0.870033,-0.489967
cloud_1683270324_146552000,1683270324.146552,-24.139,-65.268,-2.5351,0.0422733,0.0376969,0.875738,-0.479453
cloud_1683270324_947742000,1683270324.947742,-23.6558,-64.2413,-2.45513,0.0523079,0.0638987,0.86869,-0.488424
cloud_1683270326_346088000,1683270326.346088,-22.7098,-62.6113,-2.42248,0.0800634,0.0462675,0.901695,-0.422368
cloud_1683270327_447207000,1683270327.447207,-21.8179,-61.4393,-2.48587,0.0391756,0.0182218,0.9077,-0.417389
cloud_1683270328_946503000,1683270328.946503,-20.4348,-59.9421,-2.47587,0.0694471,0.0393728,0.923018,-0.376385
cloud_1683270329_847467000,1683270329.847467,-19.6447,-59.0596,-2.53383,0.0501905,0.0428331,0.901887,-0.426903
cloud_1683270331_246358000,1683270331.246358,-18.7698,-57.5022,-2.54341,-0.0268399,-0.027623,-0.858555,0.511272
cloud_1683270332_647281000,1683270332.647281,-18.0078,-55.7449,-2.48391,0.0458532,0.0367384,0.87134,-0.487149
cloud_1683270334_146765000,1683270334.146765,-16.9634,-53.9937,-2.53647,0.067419,0.0491522,0.900777,-0.426191
cloud_1683270335_647667000,1683270335.647667,-15.9012,-52.3279,-2.50893,0.0375156,0.0298235,0.908974,-0.414089
cloud_1683270337_047667000,1683270337.047667,-14.719,-50.8821,-2.51127,0.0762519,0.0407607,0.93176,-0.352629
cloud_1683270337_847788000,1683270337.847788,-13.9903,-50.1902,-2.54562,0.0592235,0.0277055,0.930664,-0.359986
cloud_1683270339_445206000,1683270339.445206,-12.5979,-48.6611,-2.53998,0.0638818,0.0457795,0.938656,-0.33578
cloud_1683270340_847906000,1683270340.847906,-11.3552,-47.3248,-2.60112,0.0679657,0.0439361,0.924572,-0.372313
cloud_1683270342_247784000,1683270342.247784,-10.1013,-46.0978,-2.56777,0.0730085,0.0317153,0.951543,-0.297036
cloud_1683270343_747173000,1683270343.747173,-8.52036,-45.2832,-2.5317,0.101499,0.027793,0.991787,-0.0726874
cloud_1683270345_247018000,1683270345.247018,-6.77953,-45.1202,-2.56936,0.0837992,0.0236566,0.996103,0.0140249
cloud_1683270346_547523000,1683270346.547523,-5.32096,-44.8845,-2.37249,0.0800207,0.054281,0.981605,-0.164629
cloud_1683270347_847651000,1683270347.847651,-4.15578,-43.8267,-2.34552,0.047942,0.0497027,0.901077,-0.428126
cloud_1683270349_246782000,1683270349.246782,-3.14118,-42.1818,-2.37364,0.0363819,0.0465264,0.865671,-0.497116
cloud_1683270350_546880000,1683270350.54688,-2.5233,-40.4472,-2.26148,-0.0754097,-0.0712371,-0.801949,0.588317
cloud_1683270351_346926000,1683270351.346926,-2.2858,-39.3995,-2.21183,-0.0274367,-0.0455871,-0.803843,0.592458
cloud_1683270352_846216000,1683270352.846216,-1.90327,-37.3671,-2.07198,-0.0294849,-0.0487913,-0.772396,0.632577
cloud_1683270354_146143000,1683270354.146143,-1.74949,-35.7049,-1.94242,-0.0383343,-0.0466719,-0.771323,0.633571
cloud_1683270355_447244000,1683270355.447244,-1.61653,-33.9952,-1.86028,-0.0558778,-0.0631899,-0.758772,0.645872
cloud_1683270356_846482000,1683270356.846482,-1.58099,-32.2878,-1.75263,-0.0314008,-0.0541026,-0.747449,0.661367
cloud_1683270358_447415000,1683270358.447415,-1.55278,-30.33,-1.57976,-0.0335405,-0.0667491,-0.73663,0.672158
cloud_1683270359_747532000,1683270359.747532,-1.53892,-28.771,-1.48088,-0.0282262,-0.0631561,-0.726519,0.683655
cloud_1683270361_046508000,1683270361.046508,-1.54512,-27.1728,-1.3552,-0.0302787,-0.0561501,-0.750514,0.657768
cloud_1683270362_346805000,1683270362.346805,-1.52611,-25.6311,-1.23491,-0.0176011,-0.051493,-0.756074,0.65222
cloud_1683270363_646314000,1683270363.646314,-1.3317,-24.0878,-1.11645,-0.0340137,-0.0564224,-0.759187,0.647529
cloud_1683270364_946746000,1683270364.946746,-1.13177,-22.6024,-0.978696,-0.0119554,-0.0368037,-0.760918,0.647693
cloud_1683270366_246834000,1683270366.246834,-0.919707,-21.0052,-0.873174,-0.0472233,-0.0556885,-0.783317,0.61732
cloud_1683270367_547755000,1683270367.547755,-0.683718,-19.3604,-0.777638,-0.02835,-0.0408735,-0.766706,0.640069
cloud_1683270368_946692000,1683270368.946692,-0.509099,-17.5069,-0.707366,-0.0338054,-0.0488059,-0.735842,0.674546
cloud_1683270370_348000000,1683270370.348,-0.499191,-15.6116,-0.54919,-0.0283429,-0.0579819,-0.733715,0.676385
cloud_1683270371_647197000,1683270371.647197,-0.549823,-13.8734,-0.478318,-0.0357861,-0.065845,-0.740545,0.667815
cloud_1683270372_446909000,1683270372.446909,-0.52593,-12.8063,-0.42079,-0.018805,-0.049268,-0.736891,0.673951
cloud_1683270373_747824000,1683270373.747824,-0.442529,-11.1166,-0.324496,-0.0134978,-0.0303715,-0.761591,0.647205
cloud_1683270374_947835000,1683270374.947835,-0.321783,-9.54567,-0.260891,-0.0303979,-0.0474941,-0.739812,0.670447
cloud_1683270376_247028000,1683270376.247028,-0.374259,-7.85993,-0.232671,-0.0237389,-0.0436052,-0.734885,0.676372
cloud_1683270377_446766000,1683270377.446766,-0.398052,-6.3121,-0.196927,-0.0179729,-0.0379954,-0.753696,0.655878
cloud_1683270378_947126000,1683270378.947126,-0.419471,-4.46002,-0.113142,-0.0012906,-0.0341932,-0.729291,0.683347
cloud_1683270380_547236000,1683270380.547236,-0.465982,-2.53059,-0.0953803,0.000571422,-0.0300954,-0.7577,0.651908
cloud_1683270382_046325000,1683270382.046325,-0.47804,-0.726499,-0.0911274,-0.0101896,-0.0277096,-0.760059,0.649183
cloud_1683270383_647315000,1683270383.647315,-0.349738,1.29759,-0.0448208,-0.0155919,-0.0263754,-0.748646,0.662262
cloud_1683270384_946929000,1683270384.946929,-0.369723,2.96952,-0.0614092,0.0156426,-0.0216588,-0.748081,0.66307
cloud_1683270386_047455000,1683270386.047455,-0.421532,4.32676,-0.0644996,0.0110774,-0.0150946,-0.745238,0.666536
cloud_1683270387_246995000,1683270387.246995,-0.373532,5.78987,-0.0508812,0.0116158,-0.0217204,-0.768446,0.63944
cloud_1683270388_547272000,1683270388.547272,-0.395811,7.40336,-0.0275493,-0.00487497,-0.0291354,-0.755258,0.654762
cloud_1683270389_747314000,1683270389.747314,-0.394165,8.86179,-0.0251139,0.00287682,-0.0113808,-0.712186,0.701893
cloud_1683270391_046532000,1683270391.046532,-0.338866,10.2704,-0.0373282,0.00269012,-0.0218851,-0.720061,0.693561
cloud_1683270392_347495000,1683270392.347495,-0.395543,11.5107,-0.0426247,0.0189159,-0.0228887,-0.620406,0.783719
cloud_1683270393_547103000,1683270393.547103,-0.47973,12.7598,-0.0279592,-0.0135453,-0.0336556,-0.680324,0.732013
cloud_1683270394_747202000,1683270394.747202,-0.51035,14.2268,-0.0309312,-0.010147,-0.036384,-0.754214,0.655542
cloud_1683270395_945966000,1683270395.945966,-0.471771,15.7055,-0.0481375,-0.00804819,-0.0504537,-0.738215,0.672627
cloud_1683270396_747458000,1683270396.747458,-0.524604,16.74,-0.0557799,0.00821993,-0.0532595,-0.646241,0.761228
cloud_1683270398_146950000,1683270398.14695,-1.18707,18.4792,-0.0234344,9.44422e-05,-0.0655913,-0.504559,0.860882
cloud_1683270399_645638000,1683270399.645638,-2.48749,19.8982,-0.0268108,-0.016546,-0.0743085,-0.343549,0.936044
cloud_1683270401_346460000,1683270401.34646,-3.5332,21.416,0.161679,-0.050499,-0.0590269,-0.656869,0.749992
cloud_1683270402_144676000,1683270402.144676,-3.64345,22.4138,0.177009,-0.0186298,-0.0325697,-0.714074,0.699064
cloud_1683270402_944709000,1683270402.944709,-3.74526,23.4699,0.194132,-0.0175461,-0.0727637,-0.706054,0.704191
cloud_1683270403_847104000,1683270403.847104,-4.03866,24.5902,0.167021,0.0101136,-0.0452163,-0.601041,0.797874
cloud_1683270405_246068000,1683270405.246068,-4.57516,26.2825,0.192424,-0.0124319,-0.0273011,-0.641933,0.766174
cloud_1683270406_644304000,1683270406.644304,-5.05335,28.0906,0.116631,0.00615853,-0.0446175,-0.667683,0.743082
cloud_1683270408_045169000,1683270408.045169,-5.45381,29.8778,0.0644716,-0.0301326,-0.0742879,-0.641302,0.763089
cloud_1683270408_845732000,1683270408.845732,-5.52888,30.8791,0.118503,-0.0347049,-0.0563127,-0.693039,0.717858
cloud_1683270410_245668000,1683270410.245668,-5.72441,32.1259,0.215256,-0.0371081,-0.0618456,-0.589455,0.804575
cloud_1683270411_346806000,1683270411.346806,-6.06032,33.2596,0.104772,-0.0505955,-0.072471,-0.594192,0.799452
cloud_1683270412_547173000,1683270412.547173,-6.37328,34.6585,0.103752,-0.0441733,-0.0455341,-0.737137,0.672759
cloud_1683270413_747556000,1683270413.747556,-6.34407,36.1453,0.123204,-0.0708356,-0.066148,-0.770894,0.629547
cloud_1683270415_046795000,1683270415.046795,-5.99583,37.6355,0.156149,-0.0657479,-0.0737934,-0.770431,0.629816
cloud_1683270416_247133000,1683270416.247133,-6.05779,39.0105,0.102822,-0.0108541,-0.0743457,-0.64165,0.763309
cloud_1683270417_345151000,1683270417.345151,-6.47658,40.2758,0.146545,-0.018585,-0.0714636,-0.560596,0.824791
cloud_1683270418_547359000,1683270418.547359,-7.1661,41.3248,0.107825,-0.0166007,-0.0729626,-0.381381,0.921385
cloud_1683270419_746390000,1683270419.74639,-8.15716,42.1252,0.0464147,-0.000691715,-0.0447204,-0.301738,0.952341
cloud_1683270420_846917000,1683270420.846917,-9.10072,42.4602,0.0266958,0.0136787,-0.0563934,-0.0741483,0.995557
cloud_1683270422_346409000,1683270422.346409,-10.697,42.4406,-0.00433537,0.00826369,-0.0574154,0.145871,0.987601
cloud_1683270423_746729000,1683270423.746729,-12.1393,41.7672,0.171327,0.0319222,-0.104752,0.20646,0.972308
cloud_1683270424_845865000,1683270424.845865,-13.1895,41.3635,0.23624,0.0162108,-0.0658666,-0.0211537,0.997472
cloud_1683270425_946855000,1683270425.946855,-14.4216,41.4803,0.285427,0.0183372,-0.0838217,-0.154506,0.984259
cloud_1683270426_746217000,1683270426.746217,-15.4352,41.7519,0.2157,-0.00267258,-0.0610383,-0.127851,0.98991
cloud_1683270428_047250000,1683270428.04725,-16.9895,42.0049,0.255743,0.0348498,-0.0777225,0.0142683,0.996264
cloud_1683270429_147108000,1683270429.147108,-18.1514,41.7245,0.302337,0.0314501,-0.0808301,0.165764,0.982344
cloud_1683270430_546422000,1683270430.546422,-19.5997,41.1207,0.349278,0.0133316,-0.0765,-0.0186633,0.996806
cloud_1683270431_946640000,1683270431.94664,-21.2043,41.0571,0.374934,-0.00861163,-0.0564649,-0.128929,0.990008
cloud_1683270433_247148000,1683270433.247148,-22.7823,41.3874,0.391731,0.000805419,-0.0785028,-0.123276,0.989262
cloud_1683270434_446865000,1683270434.446865,-24.1663,41.6569,0.346986,-0.00203443,-0.0146804,-0.213831,0.976758
cloud_1683270435_646258000,1683270435.646258,-25.4042,42.2321,0.355743,-0.0230109,-0.0579222,-0.395632,0.916292
cloud_1683270437_045247000,1683270437.045247,-26.5211,43.6134,0.341428,-0.0136203,-0.0641927,-0.543501,0.836839
cloud_1683270438_446935000,1683270438.446935,-27.4936,45.1041,0.338871,-0.00891477,-0.0582292,-0.511896,0.857025
cloud_1683270439_845403000,1683270439.845403,-28.5688,46.4763,0.226349,0.0172422,-0.0203846,-0.428777,0.903016
cloud_1683270441_044771000,1683270441.044771,-29.7247,47.2883,0.213836,0.0204022,-0.0415101,-0.346201,0.937019
cloud_1683270442_444784000,1683270442.444784,-30.8845,47.9179,0.205148,0.0311069,-0.0418638,-0.154629,0.986595
cloud_1683270443_845612000,1683270443.845612,-32.4791,48.289,0.149172,0.0140936,-0.0531402,-0.0194436,0.998298
cloud_1683270445_145804000,1683270445.145804,-34.0749,48.2263,0.16512,0.0318789,-0.0630814,-0.00275443,0.997495
cloud_1683270446_546506000,1683270446.546506,-35.9024,47.9649,0.128092,0.0281736,-0.0464115,0.115082,0.991871
cloud_1683270447_946465000,1683270447.946465,-37.4244,47.5453,0.157643,0.01148,-0.075769,0.0885282,0.993121
cloud_1683270449_446058000,1683270449.446058,-39.0806,47.1561,0.124419,0.0192323,-0.0968454,-0.0137428,0.995019
cloud_1683270450_746892000,1683270450.746892,-40.5272,47.0649,0.0901945,0.0185354,-0.0800432,-0.0183699,0.99645
cloud_1683270451_947026000,1683270451.947026,-41.9079,46.9335,0.0629954,0.0205899,-0.0665714,0.0201238,0.997366
cloud_1683270453_045973000,1683270453.045973,-43.3126,46.7499,-0.0203053,0.0345685,-0.0656549,0.0757736,0.994361
cloud_1683270454_045637000,1683270454.045637,-44.5103,46.3426,-0.25417,0.0298737,-0.0215781,0.281371,0.958891
cloud_1683270455_143939000,1683270455.143939,-45.4754,45.4332,-0.318269,0.06129,-0.0192948,0.556604,0.82829
cloud_1683270456_345034000,1683270456.345034,-45.5854,44.1323,-0.362473,0.0744148,-0.0234,0.771187,0.631811
cloud_1683270457_445977000,1683270457.445977,-45.0299,42.973,-0.446334,0.0888824,0.0347798,0.857915,0.504849
cloud_1683270458_546336000,1683270458.546336,-44.1043,42.1666,-0.471305,0.0578062,0.000780939,0.955649,0.288777
cloud_1683270459_646874000,1683270459.646874,-42.8261,41.6049,-0.462093,0.0719102,0.00523331,0.953643,0.292177
cloud_1683270460_747149000,1683270460.747149,-41.5835,40.8739,-0.498708,0.0534023,-0.0223368,0.916667,0.395438
cloud_1683270461_746497000,1683270461.746497,-40.6392,39.9665,-0.453087,0.0610109,-0.0158075,0.901023,0.429168
cloud_1683270462_846320000,1683270462.84632,-39.6042,38.9811,-0.467476,0.0647305,-0.018456,0.890266,0.450439
cloud_1683270464_245907000,1683270464.245907,-38.3871,37.4741,-0.312476,0.116974,-0.0500943,0.896098,0.425225
cloud_1683270465_646396000,1683270465.646396,-37.0614,36.4536,-0.256336,0.0811582,-0.0209616,0.922779,0.376102
cloud_1683270466_846683000,1683270466.846683,-35.8068,35.4546,-0.255591,0.0735009,-0.0131831,0.923339,0.376655
cloud_1683270468_045773000,1683270468.045773,-34.7166,34.3166,-0.209018,0.0822118,-0.0108291,0.902469,0.422697
cloud_1683270469_246646000,1683270469.246646,-33.6447,33.1325,-0.112847,0.116608,-0.035837,0.905114,0.407292
cloud_1683270470_446257000,1683270470.446257,-32.6911,32.1603,-0.182404,0.0634952,0.000376152,0.904651,0.421395
cloud_1683270471_246263000,1683270471.246263,-31.9121,31.3963,-0.190357,0.054503,-0.00808847,0.929347,0.365074
cloud_1683270472_646651000,1683270472.646651,-30.4453,30.1908,-0.29302,0.072953,-0.00469931,0.921671,0.381022
cloud_1683270473_446903000,1683270473.446903,-29.5782,29.4712,-0.247731,0.071787,-0.0234379,0.924526,0.373562
cloud_1683270474_946496000,1683270474.946496,-28.0228,28.2021,-0.351948,0.063533,-0.00411394,0.913148,0.402625
cloud_1683270476_146346000,1683270476.146346,-26.7915,27.1017,-0.368608,0.0573415,0.00148492,0.915879,0.397335
cloud_1683270477_246114000,1683270477.246114,-25.7317,25.9725,-0.442877,0.0504912,-0.0125626,0.878887,0.474184
cloud_1683270477_946511000,1683270477.946511,-25.1506,25.1258,-0.358859,0.100435,-0.0575315,0.869093,0.480916
cloud_1683270479_046883000,1683270479.046883,-24.4303,23.962,-0.447668,0.0398866,-0.0177783,0.876624,0.47919
cloud_1683270480_446154000,1683270480.446154,-23.3815,22.4331,-0.427125,0.0881694,-0.00874183,0.892995,0.44126
cloud_1683270481_845884000,1683270481.845884,-22.1348,21.1558,-0.449498,0.0660759,0.00300451,0.901679,0.427316
cloud_1683270483_246639000,1683270483.246639,-20.8328,19.8474,-0.45066,0.0431256,0.00515984,0.915456,0.400067
cloud_1683270484_545247000,1683270484.545247,-19.4865,18.7161,-0.454899,0.0879905,-0.00442581,0.919106,0.384035
cloud_1683270486_146425000,1683270486.146425,-17.9897,17.4729,-0.518538,0.0318647,-0.000147499,0.940537,0.338194
cloud_1683270487_245162000,1683270487.245162,-17.0886,16.526,-0.555792,0.0160011,0.00202023,0.883689,0.467796
cloud_1683270488_346157000,1683270488.346157,-16.1997,15.4768,-0.599947,0.0202681,0.0102568,0.878237,0.477686
cloud_1683270489_444725000,1683270489.444725,-15.3055,14.419,-0.606547,0.0491778,-0.000424563,0.879137,0.474025
cloud_1683270490_446310000,1683270490.44631,-14.4643,13.4311,-0.567536,0.0565774,-0.00244404,0.884086,0.463881
cloud_1683270491_446582000,1683270491.446582,-13.5831,12.48,-0.580649,0.0480326,0.0125165,0.915096,0.400169
cloud_1683270492_446151000,1683270492.446151,-12.7134,11.6589,-0.533494,0.0563329,0.0131163,0.924474,0.376832
cloud_1683270493_646601000,1683270493.646601,-11.6109,10.8365,-0.524969,0.0502047,0.0127939,0.936876,0.345803
cloud_1683270495_247102000,1683270495.247102,-10.0551,9.96964,-0.390816,0.0938096,0.0105682,0.966212,0.23984
cloud_1683270496_746198000,1683270496.746198,-8.35324,9.37069,-0.315818,0.0773347,0.020501,0.977822,0.193553
cloud_1683270498_245818000,1683270498.245818,-6.6528,8.82027,-0.205111,0.0560046,0.00991087,0.982037,0.179911
cloud_1683270499_746320000,1683270499.74632,-5.03064,8.48367,-0.121535,0.0822418,0.00994361,0.985726,0.146564
cloud_1683270500_846590000,1683270500.84659,-3.85737,8.37586,-0.0189444,0.0932576,0.0429489,0.994607,-0.0146564
cloud_1683270502_144813000,1683270502.144813,-2.64476,8.59316,-0.0603261,0.0775083,-0.00545242,0.993203,-0.086668
cloud_1683270503_644115000,1683270503.644115,-1.15653,8.06233,-0.0420528,0.065206,-0.0453062,0.849057,0.522301
cloud_1683270505_047485000,1683270505.047485,-0.601829,6.65589,-0.0699986,0.035842,-0.0224278,0.674624,0.736949
cloud_1683270506_145693000,1683270506.145693,-0.727009,5.41296,-0.0353003,0.021984,-0.0112067,0.545025,0.838056
cloud_1683270507_646610000,1683270507.64661,-1.35454,3.66255,-0.07743,0.0224955,-0.0368004,0.503904,0.862682
cloud_1683270508_945858000,1683270508.945858,-2.09675,2.07496,-0.126392,0.0400653,-0.0374207,0.493964,0.867752
cloud_1683270510_446604000,1683270510.446604,-3.00124,0.206549,-0.0724875,0.0608499,-0.0662217,0.492613,0.865589
cloud_1683270511_244693000,1683270511.244693,-3.52371,-0.654731,0.0306567,0.0434601,-0.0472285,0.407748,0.910836
cloud_1683270512_846179000,1683270512.846179,-4.61022,-2.0958,0.103822,0.0295153,-0.0594806,0.364509,0.928829
cloud_1683270514_242820000,1683270514.24282,-5.94648,-3.08976,-0.0632652,0.0348054,-0.0390135,0.231888,0.971336
cloud_1683270515_445274000,1683270515.445274,-7.03377,-3.87591,-0.0173949,0.0364446,-0.0608039,0.324713,0.943152
cloud_1683270516_744985000,1683270516.744985,-8.19314,-5.02865,-0.106254,0.0549262,-0.0832264,0.297634,0.949458
cloud_1683270517_943945000,1683270517.943945,-9.32103,-5.86031,-0.119192,0.0284997,-0.0571478,0.183866,0.980875
cloud_1683270519_445062000,1683270519.445062,-11.0411,-6.4551,-0.211344,-0.00605602,-0.038582,0.0404135,0.99842
cloud_1683270520_947283000,1683270520.947283,-12.9339,-6.44384,-0.25577,0.0089419,-0.0783326,-0.143881,0.986449
cloud_1683270522_543998000,1683270522.543998,-14.336,-5.47109,-0.446861,-0.0199698,-0.0385,-0.486268,0.872733
cloud_1683270524_045037000,1683270524.045037,-15.1869,-3.8665,-0.553777,-0.0298101,-0.0510609,-0.56715,0.82149
cloud_1683270525_446315000,1683270525.446315,-15.8654,-2.39523,-0.705123,0.00650247,-0.0223052,-0.424006,0.905361
cloud_1683270526_542717000,1683270526.542717,-16.7903,-1.46749,-0.852934,0.0179548,-0.0471001,-0.310196,0.949335
cloud_1683270527_946438000,1683270527.946438,-17.9618,-0.746831,-0.983011,0.0203521,-0.0278799,-0.145395,0.988771
cloud_1683270529_744518000,1683270529.744518,-19.4552,-0.209285,-1.30623,0.0196981,-0.0245878,-0.302945,0.952487
cloud_1683270531_444984000,1683270531.444984,-20.56,0.624904,-1.41697,-0.0288356,-0.0304171,-0.363201,0.930768
cloud_1683270533_243683000,1683270533.243683,-21.7435,0.877361,-1.54824,0.0306793,-0.0719809,-0.00345757,0.996928
cloud_1683270535_746240000,1683270535.74624,-22.7721,0.745226,-1.44083,0.0458486,-0.041826,-0.090207,0.993988
cloud_1683270540_544857000,1683270540.544857,-21.4026,0.959234,-1.54141,0.103129,0.0240361,0.987943,0.11294
cloud_1683270541_945984000,1683270541.945984,-20.4023,0.338139,-1.37675,0.10187,-0.0549973,0.883333,0.454225
cloud_1683270543_147022000,1683270543.147022,-19.8507,-0.670392,-1.27361,0.0944912,-0.0330746,0.857702,0.504306
cloud_1683270544_845207000,1683270544.845207,-19.0005,-1.97966,-0.989161,0.0793058,-0.0245358,0.77919,0.621266
cloud_1683270546_344377000,1683270546.344377,-18.568,-3.14372,-0.951598,0.05599,-0.0256751,0.642492,0.763813
cloud_1683270547_642990000,1683270547.64299,-19.1209,-4.34666,-0.920923,0.0438988,-0.0905514,0.32345,0.940879
cloud_1683270548_946121000,1683270548.946121,-20.1455,-5.12464,-1.02026,0.0317967,-0.0575672,0.171189,0.983041
cloud_1683270550_145093000,1683270550.145093,-21.1856,-5.43019,-1.30044,-0.0233508,-0.0566112,-0.101056,0.992994
cloud_1683270551_245223000,1683270551.245223,-22.1643,-5.20424,-1.42394,0.00347554,-0.0648294,-0.254568,0.964873
cloud_1683270552_544904000,1683270552.544904,-23.4235,-4.73042,-1.51994,0.00301873,-0.0230197,-0.220684,0.975069
cloud_1683270553_745915000,1683270553.745915,-24.5976,-4.1862,-1.50114,-0.00902297,-0.0722978,-0.275316,0.958589
cloud_1683270554_945621000,1683270554.945621,-25.5427,-3.72722,-1.44927,0.0218491,-0.0406118,-0.225419,0.97317
cloud_1683270556_245572000,1683270556.245572,-26.8294,-3.28134,-1.4859,0.0131879,-0.07959,-0.144415,0.986223
cloud_1683270557_646518000,1683270557.646518,-28.2624,-2.84792,-1.53876,0.00457618,-0.0622755,-0.076782,0.995091
cloud_1683270558_944673000,1683270558.944673,-29.3518,-2.66284,-1.48163,0.0206585,-0.0756342,-0.161298,0.983786
cloud_1683270563_245437000,1683270563.245437,-29.8917,-3.60908,-1.23042,0.0514724,-0.00784813,0.772974,0.632298
cloud_1683270564_744373000,1683270564.744373,-29.7958,-4.61555,-1.40554,0.0483934,0.036032,0.792911,0.606343
cloud_1683270567_045312000,1683270567.045312,-28.9967,-5.50351,-1.47279,0.084467,0.0214888,0.986048,0.141823
cloud_1683270568_641142000,1683270568.641142,-27.902,-5.84551,-1.52795,0.117576,0.0324568,0.908412,0.399888
cloud_1683270570_346079000,1683270570.346079,-26.9413,-7.14052,-1.468,0.0834093,0.0186078,0.89139,0.445108
cloud_1683270571_745589000,1683270571.745589,-25.8119,-8.16471,-1.32849,0.115177,-0.00585245,0.930931,0.346509
cloud_1683270573_043977000,1683270573.043977,-24.7698,-9.12871,-1.25773,0.0599262,-0.0818974,0.790191,0.604401
cloud_1683270574_245077000,1683270574.245077,-24.371,-10.2881,-1.08365,0.0983121,-0.0668687,0.718818,0.684955
cloud_1683270575_946006000,1683270575.946006,-24.2439,-11.8747,-0.795433,0.0744531,-0.0436614,0.657334,0.748641
cloud_1683270577_645225000,1683270577.645225,-24.2587,-13.5831,-0.739646,0.0400931,-0.0139501,0.580622,0.813066
cloud_1683270579_144342000,1683270579.144342,-24.8793,-15.1637,-0.615445,0.0410972,-0.0360824,0.4893,0.870399
cloud_1683270580_846296000,1683270580.846296,-25.5344,-17.0855,-0.496205,0.0794422,-0.0300282,0.682206,0.726211
cloud_1683270582_245967000,1683270582.245967,-25.2908,-18.736,-0.338095,0.0681373,0.00289049,0.824538,0.561682
cloud_1683270583_845673000,1683270583.845673,-24.2889,-20.2306,-0.301911,0.0821041,-0.00762078,0.897059,0.434151
cloud_1683270585_244101000,1683270585.244101,-23.1222,-21.4304,-0.449817,0.0449762,-0.0256387,0.89851,0.435889
cloud_1683270586_544614000,1683270586.544614,-22.1278,-22.7567,-0.782514,0.0525379,-0.0211725,0.877943,0.475402
cloud_1683270587_344388000,1683270587.344388,-21.5598,-23.6737,-0.946968,0.0575455,-0.0439291,0.825515,0.559717
cloud_1683270588_744547000,1683270588.744547,-20.971,-25.3638,-1.25316,0.0287585,-0.0166049,0.78138,0.623171
cloud_1683270590_145941000,1683270590.145941,-20.422,-27.136,-1.45941,0.0697172,-0.0521792,0.818455,0.567933
cloud_1683270591_046033000,1683270591.046033,-19.9096,-28.2303,-1.72072,0.0650866,-0.0356043,0.830583,0.551931
cloud_1683270592_345556000,1683270592.345556,-19.3712,-30.0061,-1.92916,0.0597039,-0.027978,0.707324,0.703808
cloud_1683270593_545237000,1683270593.545237,-19.0564,-31.7032,-2.06842,0.0527157,-0.0133557,0.762314,0.644918
cloud_1683270594_745221000,1683270594.745221,-18.6911,-33.3897,-2.16033,0.0691025,-0.0103217,0.740112,0.668844
cloud_1683270595_845394000,1683270595.845394,-18.1943,-34.8582,-2.19792,0.0517124,-0.0167763,0.812781,0.580028
cloud_1683270597_044679000,1683270597.044679,-17.6552,-36.5147,-2.36079,0.0614598,-0.0306353,0.748813,0.659214
cloud_1683270597_746591000,1683270597.746591,-17.3955,-37.5009,-2.44349,0.0763127,-0.0236955,0.771723,0.630919
cloud_1683270598_445008000,1683270598.445008,-17.0161,-38.438,-2.54095,0.0443123,-0.000801141,0.831432,0.553856
cloud_1683270599_145507000,1683270599.145507,-16.5861,-39.3739,-2.46098,0.113851,-0.0268782,0.861807,0.493563
cloud_1683270600_445539000,1683270600.445539,-15.5599,-40.7405,-2.46615,0.0824241,-0.00860589,0.88955,0.449258
cloud_1683270601_745205000,1683270601.745205,-14.5165,-42.0324,-2.52935,0.0888929,-0.0334107,0.857582,0.505504
cloud_1683270603_045625000,1683270603.045625,-13.6504,-43.4793,-2.5653,0.0674612,-0.0211833,0.869446,0.488941
cloud_1683270604_243195000,1683270604.243195,-12.9669,-44.9267,-2.58787,0.0756151,-0.0297109,0.778549,0.622303
cloud_1683270605_546123000,1683270605.546123,-12.4385,-46.5504,-2.57572,0.0497069,-0.0186357,0.807358,0.587669
cloud_1683270606_745946000,1683270606.745946,-11.7231,-47.8946,-2.61246,0.0531303,0.00175817,0.878218,0.475297
cloud_1683270607_545418000,1683270607.545418,-11.0427,-48.6571,-2.57642,0.0842347,0.0267243,0.908011,0.40952
cloud_1683270608_346008000,1683270608.346008,-10.2354,-49.3638,-2.56261,0.0934844,-0.0129533,0.937176,0.335847
cloud_1683270609_145534000,1683270609.145534,-9.37587,-49.9671,-2.60298,0.0282222,-0.013724,0.948037,0.31661
cloud_1683270609_943985000,1683270609.943985,-8.54271,-50.7004,-2.55031,0.0740973,-0.0155984,0.891977,0.445694
cloud_1683270610_745507000,1683270610.745507,-7.7872,-51.5324,-2.59587,0.0906576,-0.0169596,0.910393,0.403333
cloud_1683270611_545165000,1683270611.545165,-7.04467,-52.2233,-2.44749,0.100088,-0.0251034,0.912785,0.395191
cloud_1683270612_445389000,1683270612.445389,-6.24454,-52.9905,-2.50764,0.066583,-0.0337804,0.889293,0.451202
cloud_1683270613_245030000,1683270613.24503,-5.65665,-53.9315,-2.59367,0.0578343,-0.0160621,0.845324,0.530872
cloud_1683270614_045264000,1683270614.045264,-5.19688,-54.9193,-2.56759,0.0557719,-0.0199792,0.773816,0.630634
cloud_1683270614_844490000,1683270614.84449,-4.91048,-55.9141,-2.60241,0.00557317,-0.0256129,0.682158,0.730735
cloud_1683270615_844734000,1683270615.844734,-5.01359,-57.1596,-2.59297,0.0396944,-0.0266172,0.549167,0.834345
cloud_1683270617_144542000,1683270617.144542,-5.56594,-58.7257,-2.60198,0.0123324,-0.00295932,0.570587,0.821139
cloud_1683270617_945853000,1683270617.945853,-5.77997,-59.7144,-2.55165,0.0505738,-0.0238356,0.574859,0.81634
cloud_1683270618_746574000,1683270618.746574,-6.01064,-60.6938,-2.59099,0.0551789,-0.0320134,0.612554,0.78785
cloud_1683270620_045547000,1683270620.045547,-6.27879,-62.3575,-2.58088,0.0370526,0.00115084,0.597673,0.800883
cloud_1683270621_245833000,1683270621.245833,-6.60293,-63.8543,-2.55534,0.0348712,0.00167278,0.600101,0.799162
cloud_1683270622_546267000,1683270622.546267,-6.94551,-65.4212,-2.51617,0.0487011,-0.010033,0.571931,0.818793
cloud_1683270623_845177000,1683270623.845177,-7.30368,-66.9557,-2.52844,0.0314348,-0.0126356,0.529565,0.847593
cloud_1683270625_444663000,1683270625.444663,-8.01455,-68.82,-2.50399,0.0423044,-0.00863451,0.539024,0.841183
cloud_1683270626_745414000,1683270626.745414,-8.50413,-70.2347,-2.49022,0.0293386,-0.017211,0.513927,0.857159
cloud_1683270627_945487000,1683270627.945487,-8.92502,-71.5247,-2.48348,0.0275971,0.00373676,0.541096,0.8405
cloud_1683270629_445964000,1683270629.445964,-9.40997,-73.0515,-2.50752,0.0276024,0.000300928,0.536479,0.843462
cloud_1683270631_045773000,1683270631.045773,-9.97066,-74.642,-2.45927,0.0310563,0.00116466,0.515982,0.856035
cloud_1683270632_544692000,1683270632.544692,-10.5361,-75.9843,-2.46353,0.0316833,-0.00898553,0.505046,0.862464
cloud_1683270638_845981000,1683270638.845981,-11.1415,-77.0555,-2.45378,0.033062,-0.0573841,0.5202,0.851473
cloud_1683270640_046072000,1683270640.046072,-11.5696,-78.3539,-2.42679,0.064472,-0.0428118,0.535751,0.840822
cloud_1683270641_245984000,1683270641.245984,-12.1651,-79.9728,-2.4167,0.0456328,-0.0350546,0.526562,0.848187
cloud_1683270642_445343000,1683270642.445343,-12.7469,-81.5489,-2.37092,0.0383736,-0.0201317,0.513316,0.857105
cloud_1683270643_545789000,1683270643.545789,-13.3339,-82.9892,-2.34635,0.0307808,-0.0178592,0.527773,0.84864
cloud_1683270644_545742000,1683270644.545742,-13.9249,-84.2602,-2.33893,0.0320487,-0.0222881,0.541137,0.840028
cloud_1683270645_645665000,1683270645.645665,-14.474,-85.6814,-2.30171,0.0469247,-0.0421706,0.562101,0.824659
cloud_1683270646_444680000,1683270646.44468,-14.8719,-86.6714,-2.24357,0.0281848,-0.0302489,0.569712,0.820804
cloud_1683270647_445364000,1683270647.445364,-15.3456,-87.947,-2.23753,0.0337376,-0.0296027,0.540342,0.840248
cloud_1683270648_645313000,1683270648.645313,-15.9547,-89.483,-2.19306,0.050065,-0.0292274,0.540064,0.839625
cloud_1683270649_844043000,1683270649.844043,-16.4882,-91.0143,-2.153,0.0442273,-0.0302412,0.629864,0.774856
cloud_1683270651_146038000,1683270651.146038,-16.783,-92.7061,-2.14929,0.0484615,-0.0258281,0.674801,0.735954
cloud_1683270652_546340000,1683270652.54634,-16.6473,-94.5606,-2.14661,0.042606,0.00171589,0.777238,0.62776
cloud_1683270653_945191000,1683270653.945191,-16.137,-96.3467,-2.12903,0.0595155,-0.0153473,0.8249,0.561927
cloud_1683270655_244171000,1683270655.244171,-15.5859,-97.9605,-2.19507,0.0596605,-0.0109623,0.818472,0.571335
cloud_1683270656_643162000,1683270656.643162,-14.6724,-99.5592,-2.14278,0.0464974,0.0035041,0.882745,0.467533
cloud_1683270658_046292000,1683270658.046292,-13.5027,-101.052,-2.21608,0.0485121,0.000979873,0.892725,0.447982
cloud_1683270659_446182000,1683270659.446182,-12.2264,-102.321,-2.29347,0.0261839,0.0332146,0.902922,0.427719
cloud_1683270660_844491000,1683270660.844491,-10.7095,-103.454,-2.31476,0.0424655,0.00472938,0.965225,0.257905
cloud_1683270661_645316000,1683270661.645316,-9.63973,-103.826,-2.29964,0.0440915,0.0325879,0.980981,0.1862
cloud_1683270662_445441000,1683270662.445441,-8.60883,-104.005,-2.27246,0.0654697,0.0221165,0.997033,0.0339119
cloud_1683270663_245287000,1683270663.245287,-7.55748,-103.979,-2.31186,0.066216,0.011089,0.997678,-0.0114616
cloud_1683270664_644679000,1683270664.644679,-5.73978,-104.012,-2.2305,0.0575694,0.00535162,0.995301,0.0776677
cloud_1683270665_644036000,1683270665.644036,-4.42298,-104.212,-2.26365,0.0424506,-0.0190404,0.98183,0.18397
cloud_1683270666_845306000,1683270666.845306,-3.04133,-104.917,-2.28551,0.045611,-0.0175324,0.951983,0.302226
cloud_1683270667_845295000,1683270667.845295,-1.92134,-105.712,-2.31859,0.0356472,-0.0151745,0.92535,0.37713
cloud_1683270668_945311000,1683270668.945311,-0.815822,-106.598,-2.3178,0.0407832,-0.011579,0.917471,0.395537
cloud_1683270669_944604000,1683270669.944604,0.135891,-107.525,-2.31233,0.0710616,-0.0110247,0.893839,0.442584
cloud_1683270671_045855000,1683270671.045855,1.0764,-108.645,-2.29923,0.063377,-0.0180755,0.890541,0.450104
cloud_1683270672_146169000,1683270672.146169,1.89727,-109.733,-2.27229,0.0657729,-0.022614,0.885748,0.458926
cloud_1683270673_245016000,1683270673.245016,2.54009,-110.862,-2.38421,0.0230731,-0.00197634,0.818053,0.574677
cloud_1683270674_344779000,1683270674.344779,3.0119,-112.152,-2.42831,0.0353831,-0.0124429,0.759129,0.649859
cloud_1683270675_745136000,1683270675.745136,3.3368,-113.813,-2.39471,0.0556723,-0.0183226,0.734508,0.676064
cloud_1683270676_845092000,1683270676.845092,3.58867,-115.082,-2.37182,0.0550562,-0.0403854,0.737671,0.671698
cloud_1683270677_945688000,1683270677.945688,3.77747,-116.382,-2.39425,0.0532776,-0.026972,0.720747,0.690621
cloud_1683270679_144670000,1683270679.14467,3.57647,-117.884,-2.44497,0.0480312,-0.0431779,0.56027,0.825788
cloud_1683270680_346827000,1683270680.346827,2.89896,-119.318,-2.49281,0.0259045,-0.0413491,0.467236,0.882785
cloud_1683270681_544282000,1683270681.544282,1.93903,-120.692,-2.55011,0.0312411,-0.0407711,0.397221,0.916284
cloud_1683270682_745445000,1683270682.745445,0.920608,-122.065,-2.55811,0.0370296,-0.0272321,0.414306,0.908976
cloud_1683270683_845285000,1683270683.845285,0.00862044,-123.247,-2.54712,0.0369101,-0.0293936,0.425668,0.903648
cloud_1683270684_945696000,1683270684.945696,-0.89221,-124.47,-2.55243,0.0317483,-0.0297141,0.427127,0.903145
cloud_1683270686_145107000,1683270686.145107,-1.80358,-125.896,-2.52109,0.0454096,-0.0235185,0.468759,0.881845
cloud_1683270687_244364000,1683270687.244364,-2.4308,-127.243,-2.55087,0.040343,-0.0162297,0.523004,0.85122
cloud_1683270688_245711000,1683270688.245711,-2.9712,-128.456,-2.54042,0.0322139,-0.0267747,0.566051,0.823305
cloud_1683270689_346500000,1683270689.3465,-3.42612,-129.822,-2.5663,0.0236379,-0.0197529,0.625501,0.779615
cloud_1683270690_545007000,1683270690.545007,-3.82344,-131.395,-2.60072,0.038134,-0.0290661,0.603622,0.795827
cloud_1683270691_646286000,1683270691.646286,-4.08682,-132.857,-2.62218,0.0357208,-0.0321904,0.64773,0.760351
cloud_1683270692_644407000,1683270692.644407,-4.28311,-134.192,-2.62881,0.04154,-0.0197658,0.646298,0.761697
cloud_1683270693_846184000,1683270693.846184,-4.33546,-135.841,-2.66209,0.0396106,-0.0227041,0.697512,0.715117
cloud_1683270695_145993000,1683270695.145993,-4.29894,-137.553,-2.6992,0.0351364,-0.0240798,0.760669,0.647741
cloud_1683270696_444749000,1683270696.444749,-4.19314,-139.232,-2.71333,0.0408402,-0.0196979,0.707915,0.704841
cloud_1683270697_645771000,1683270697.645771,-3.68824,-140.762,-2.71658,0.0492951,0.00718526,0.828019,0.558482
cloud_1683270698_944595000,1683270698.944595,-2.6738,-141.818,-2.71839,0.0571568,0.0333699,0.974102,0.216206
